Dhikr (arabisch);Dhikr (Transliteration);Dhikr (Übersetzung);Belohnung;;;
سُبْحَانَ اللَّهِ وَبِحَمْدِهِ;Subḥān Allāh wa bi-ḥamdih;Preis sei Allah und Lob Ihm.;Der Gesandte Allahs ﷺ sagte: Wer an einem Tag hundertmal sagt: Preis sei Allah und Lob Ihm, dessen Verfehlungen werden getilgt, selbst wenn sie wie der Schaum des Meeres wären. (Ṣaḥīḥ al-Buḫārī, Nr. 6405);;;
الْحَمْدُ لِلَّهِ;Al-ḥamdu lillāh;Alles Lob gebührt Allah.;Der Gesandte Allahs ﷺ sagte: Die Reinheit ist die Hälfte des Glaubens, und al-Hamdu lillah füllt die Waagschale. (Ṣaḥīḥ Muslim, Nr. 223);;;
سُبْحَانَ اللَّهِ، وَالْحَمْدُ لِلَّهِ، وَلَا إِلَهَ إِلَّا اللَّهُ، وَاللَّهُ أَكْبَرُ;Subḥān Allāh, wal-ḥamdu lillāh, wa lā ilāha illallāh, wallāhu akbar;Preis sei Allah, alles Lob gebührt Allah, es gibt keinen Gott außer Allah und Allah ist größer.;Der Gesandte Allahs ﷺ sagte: Dass ich sage: Subhan Allah, wal-hamdu lillah, wa la ilaha illallah, wallahu akbar, ist mir lieber als alles, worüber die Sonne aufgeht. (Ṣaḥīḥ Muslim, Nr. 2695);;;
لَا حَوْلَ وَلَا قُوَّةَ إِلَّا بِاللَّهِ;Lā ḥawla wa lā quwwata illā billāh;Es gibt weder Macht noch Kraft außer durch Allah.;Der Gesandte Allahs ﷺ sagte zu Abu Musa al-Ash'ari: Soll ich dich nicht auf einen Schatz aus den Schätzen des Paradieses hinweisen? Ich sagte: Doch, o Gesandter Allahs. Er sagte: La hawla wa la quwwata illa billah. (Ṣaḥīḥ al-Buḫārī, Nr. 4205);;;
أَسْتَغْفِرُ اللَّهَ;Astaghfirullāh;Ich bitte Allah um Vergebung.;Der Gesandte Allahs ﷺ sagte: Bei Allah, ich bitte Allah gewiss täglich mehr als siebzigmal um Vergebung und wende mich Ihm reumütig zu. (Ṣaḥīḥ al-Buḫārī, Nr. 6307);;;
قُلْ هُوَ اللَّهُ أَحَدٌ ۝ قُلْ أَعُوذُ بِرَبِّ الْفَلَقِ ۝ قُلْ أَعُوذُ بِرَبِّ النَّاسِ;Al-Muʿawwiḏāt (Sūrat al-Iḫlāṣ, al-Falaq, an-Nās);Die drei Schutzsuren (Sure 112, 113, 114);"Der Gesandte Allahs ﷺ sagte: Sprich Qul huwa Allahu ahad und die beiden Schutzsuren, wenn du den Abend und den Morgen erreichst, dreimal; sie werden dir gegen alles genügen. (Sunan Abī Dāwūd, Nr. 5082; Jāmiʿ at-Tirmiḏī, Nr. 3575)";;;
لَا إِلَهَ إِلَّا اللَّهُ;Lā ilāha illallāh;Es gibt keinen Gott außer Allah.;Der Gesandte Allahs ﷺ sagte: Das beste Gedenken ist: La ilaha illallah, und das beste Bittgebet ist: al-Hamdu lillah. (Jāmiʿ at-Tirmiḏī, Nr. 3383);;;
أَسْتَغْفِرُ اللَّهَ وَأَتُوبُ إِلَيْهِ;Astaghfirullāh wa-atūbu ilayh;Ich bitte Allah um Vergebung und kehre reumütig zu Ihm zurück.;Der Gesandte Allahs ﷺ sagte: O Menschen, wendet euch reumütig an Allah. Gewiss, ich wende mich an einem Tag hundertmal Ihm reumütig zu. (Ṣaḥīḥ Muslim, Nr. 2702);;;
اللَّهُمَّ صَلِّ عَلَى مُحَمَّdٍ;Allāhumma ṣalli ʿalā Muḥammad;O Allah, segne Muhammad.;Der Gesandte Allahs ﷺ sagte: Wer einmal den Segen auf mich spricht, den segnet Allah zehnmal. (Ṣaḥīḥ Muslim, Nr. 408);;;
لَا إِلَهَ إِلَّا اللَّهُ وَحْدَهُ لَا شَرِيكَ لَهُ، لَهُ الْمُلْكُ وَلَهُ الْحَمْدُ، وَهُوَ عَلَى كُلِّ شَيْءٍ قَدِيرٌ;Lā ilāha illallāhu waḥdahū lā šarīka lah, lahul-mulku wa lahul-ḥamdu, wa huwa ʿalā kulli šay'in qadīr;Es gibt keinen Gott außer Allah allein, Er hat keinen Teilhaber. Sein ist die Herrschaft und Sein das Lob, und Er hat über alle Dinge Macht.;"Der Gesandte Allahs ﷺ sagte: Wer dies zehnmal spricht, ist wie jemand, der vier Seelen von den Nachkommen Ismails befreit hat. (Ṣaḥīḥ al-Buḫārī, Nr. 6404; Ṣaḥīḥ Muslim, Nr. 2693)";;;
لَا إِلَهَ إِلَّا أَنْتَ سُبْحَانَكَ إِنِّي كُنْتُ مِنَ الظَّالِمِينَ;Lā ilāha illā Anta subḥānaka innī kuntu minaẓ-ẓālimīn;Es gibt keinen Gott außer Dir! Preis sei Dir! Wahrlich, ich gehörte zu den Ungerechten.;Der Gesandte Allahs ﷺ sagte: Das Bittgebet von Dhu n-Nun, das er im Bauch des Fisches sprach: Kein muslimischer Mann betet jemals damit um eine Sache, ohne dass Allah sie für ihn erhört. (Jāmiʿ at-Tirmiḏī, Nr. 3505);;;
رَضِيتُ بِاللَّهِ رَبًّا، وَبِالْإِسْلَامِ دِينًا، وَبِمُحَمَّدٍ نَبِيًّا;Raḍītu billāhi Rabban, wa bil-Islāmi dīnan, wa bi-Muḥammadin nabiyyā;Ich bin zufrieden mit Allah als Herrn, mit dem Islam als Religion und mit Muhammad als Propheten.;Der Gesandte Allahs ﷺ sagte: Wer sagt: Ich bin zufrieden mit Allah als Herrn, mit dem Islam als Religion und mit Muhammad als Gesandten, für den ist das Paradies verpflichtend geworden. (Sunan Abī Dāwūd, Nr. 1529);;;
سُبْحَانَ اللَّهِ الْعَظِيمِ وَبِحَمْدِهِ;Subḥān Allāh al-ʿAẓīm wa bi-ḥamdih;Preis sei Allah, dem Allgewaltigen, und Lob Ihm.;Der Gesandte Allahs ﷺ sagte: Wer sagt: Preis sei Allah, dem Allgewaltigen, und Lob Ihm, dem wird eine Dattelpalme im Paradies gepflanzt. (Jāmiʿ at-Tirmiḏī, Nr. 3464);;;
حَسْبِيَ اللَّهُ لَا إِلَهَ إِلَّا هُوَ عَلَيْهِ تَوَكَّلْتُ وَهُوَ رَبُّ الْعَرْشِ الْعَظِيمِ;Ḥasbiyallāhu lā ilāha illā Huwa ʿalayhi tawakkaltu wa Huwa Rabbul-ʿaršil-ʿaẓīm;Allah genügt mir. Es gibt keinen Gott außer Ihm. Auf Ihn vertraue ich, und Er ist der Herr des gewaltigen Thrones.;Überliefert über Abu d-Darda: Wer am Morgen und am Abend siebenmal sagt: Allah genügt mir, es gibt keinen Gott außer Ihm, auf Ihn vertraue ich und Er ist der Herr des gewaltigen Thrones, dem nimmt Allah die Sorgen ab, die ihn bedrücken. (Sunan Abī Dāwūd, Nr. 5081);;;
;;;;;;
Und Allah ﷻ weiß es am besten.;;;;;;
