Seite;Zeile;Vers;Arabisch;Deutsch
467;5;40:1;حمٓ;Ḥā-Mīm.
467;5;40:2;تَنزِيلُ ٱلْكِتَـٰبِ مِنَ ٱللَّهِ ٱلْعَزِيزِ ٱلْعَلِيمِ;Die Offenbarung des Buches ist von Allah, dem Allmächtigen, dem Allwissenden,
467;5;40:3;غَافِرِ;dem Vergebenden
467;6;40:3;ٱلذَّنۢبِ وَقَابِلِ ٱلتَّوْبِ شَدِيدِ ٱلْعِقَابِ ذِى ٱلطَّوْلِ لَآ إِلَـٰهَ إِلَّا هُوَ;der Sünde und dem Annehmenden der Reue, dem Strengen im Bestrafen, dem Besitzer der Fülle. Es gibt keinen Gott außer Ihm.
467;7;40:3;إِلَيْهِ ٱلْمَصِيرُ;Zu Ihm ist der Ausgang.
467;7;40:4;مَا يُجَـٰدِلُ فِىٓ ءَايَـٰتِ ٱللَّهِ إِلَّا ٱلَّذِينَ كَفَرُوا۟;Über die Zeichen Allahs streiten nur diejenigen, die ungläubig sind.
467;8;40:4;فَلَا يَغْرُرْكَ تَقَلُّبُهُمْ فِى ٱلْبِلَـٰدِ;So lasse dich ihr Umherziehen im Land nicht täuschen!
467;8;40:5;كَذَّبَتْ قَبْلَهُمْ قَوْمُ;Vor ihnen leugneten bereits das Volk
467;9;40:5;نُوحٍ وَٱلْأَحْزَابُ مِنۢ بَعْدِهِمْ وَهَمَّتْ كُلُّ أُمَّةٍۭ بِرَسُولِهِمْ;Nūḥs und die Gruppierungen nach ihnen, und jede Gemeinschaft hatte vor, sich ihres Gesandten
467;10;40:5;لِيَأْخُذُوهُ وَجَـٰدَلُوا۟ بِٱلْبَـٰطِلِ لِيُدْحِضُوا۟ بِهِ ٱلْحَقَّ فَأَخَذْتُهُمْ;zu bemächtigen. Und sie stritten mit dem Falschen, um damit die Wahrheit zu widerlegen. Da ergriff Ich sie.
467;11;40:5;فَكَيْفَ كَانَ عِقَابِ;Wie war da Meine Bestrafung!
467;11;40:6;وَكَذَٰلِكَ حَقَّتْ كَلِمَتُ رَبِّكَ عَلَى;Und so hat sich das Wort deines Herrn bewahrheitet gegen
467;12;40:6;ٱلَّذِينَ كَفَرُوٓا۟ أَنَّهُمْ أَصْحَـٰبُ ٱلنَّارِ;diejenigen, die ungläubig sind: dass sie die Gefährten des Feuers sein werden.
467;12;40:7;ٱلَّذِينَ يَحْمِلُونَ ٱلْعَرْشَ;Diejenigen, die den Thron tragen,
467;13;40:7;وَمَنْ حَوْلَهُۥ يُسَبِّحُونَ بِحَمْدِ رَبِّهِمْ وَيُؤْمِنُونَ بِهِۦ وَيَسْتَغْفِرُونَ;und diejenigen um ihn herum preisen das Lob ihres Herrn, glauben an Ihn und bitten um Vergebung
467;14;40:7;لِلَّذِينَ ءَامَنُوا۟ رَبَّنَا وَسِعْتَ كُلَّ شَىْءٍ رَّحْمَةً وَعِلْمًا;für diejenigen, die glauben: Unser Herr, Du umfasst alles an Barmherzigkeit und Wissen,
467;15;40:7;فَٱغْفِرْ لِلَّذِينَ تَابُوا۟ وَٱتَّبَعُوا۟ سَبِيلَكَ وَقِهِمْ عَذَابَ ٱلْجَحِيمِ;so vergib denjenigen, die bereuen und Deinem Weg folgen, und bewahre sie vor der Strafe des Höllenbrandes!
468;1;40:8;رَبَّنَا وَأَدْخِلْهُمْ جَنَّـٰتِ عَدْنٍ ٱلَّتِى وَعَدتَّهُمْ وَمَن صَلَحَ;Unser Herr, lasse sie eingehen in die Gärten von ʿAdn, die Du ihnen versprochen hast, (sie) und wer rechtschaffen ist
468;2;40:8;مِنْ ءَابَآئِهِمْ وَأَزْوَٰجِهِمْ وَذُرِّيَّـٰتِهِمْ إِنَّكَ أَنتَ ٱلْعَزِيزُ;von ihren Vätern, ihren Gattinnen und ihren Nachkommen. Du bist ja der Allmächtige,
468;3;40:8;ٱلْحَكِيمُ;der Allweise.
468;3;40:9;وَقِهِمُ ٱلسَّيِّـَٔاتِ وَمَن تَقِ ٱلسَّيِّـَٔاتِ;Und bewahre sie vor den bösen Taten. Und wen Du vor den bösen Taten bewahrst
468;4;40:9;يَوْمَئِذٍ فَقَدْ رَحِمْتَهُۥ وَذَٰلِكَ هُوَ ٱلْفَوْزُ ٱلْعَظِيمُ;an jenem Tag, dessen hast Du dich ja erbarmt, und das ist der großartige Erfolg.
468;4;40:10;إِنَّ;Gewiss,
468;5;40:10;ٱلَّذِينَ كَفَرُوا۟ يُنَادَوْنَ لَمَقْتُ ٱللَّهِ أَكْبَرُ مِن مَّقْتِكُمْ;zu denen, die ungläubig sind, wird ausgerufen werden: Gewiss, Allahs Abscheu ist größer als eure Abscheu
468;6;40:10;أَنفُسَكُمْ إِذْ تُدْعَوْنَ إِلَى ٱلْإِيمَـٰنِ فَتَكْفُرُونَ;vor euch selbst, da ihr zum Glauben aufgerufen wurdet und ungläubig geblieben seid.
468;7;40:11;قَالُوا۟ رَبَّنَآ أَمَتَّنَا ٱثْنَتَيْنِ وَأَحْيَيْتَنَا ٱثْنَتَيْنِ فَٱعْتَرَفْنَا بِذُنُوبِنَا;Sie werden sagen: Unser Herr, Du hast uns zweimal sterben lassen und zweimal lebendig gemacht. Nun bekennen wir unsere Sünden.
468;8;40:11;فَهَلْ إِلَىٰ خُرُوجٍ مِّن سَبِيلٍ;Gibt es denn einen Weg zum Hinausgelangen?
468;8;40:12;ذَٰلِكُم بِأَنَّهُۥٓ إِذَا دُعِىَ;Dies (geschieht euch), weil ihr, als
468;9;40:12;ٱللَّهُ وَحْدَهُۥ كَفَرْتُمْ وَإِن يُشْرَكْ بِهِۦ تُؤْمِنُوا۟ فَٱلْحُكْمُ لِلَّهِ;Allah allein angerufen wurde, ungläubig wart, aber wenn Ihm (andere) beigesellt wurden, glaubtet ihr. Das Urteil gehört Allah,
468;10;40:12;ٱلْعَلِىِّ ٱلْكَبِيرِ;dem Erhabenen, dem Großen.
468;10;40:13;هُوَ ٱلَّذِى يُرِيكُمْ ءَايَـٰتِهِۦ وَيُنَزِّلُ;Er ist es, Der euch Seine Zeichen zeigt, und Er sendet
468;11;40:13;لَكُم مِّنَ ٱلسَّمَآءِ رِزْقًا وَمَا يَتَذَكَّرُ إِلَّا مَن يُنِيبُ;euch vom Himmel Versorgung hinab. Aber bedenken tut es nur, wer sich (Allah reuevoll) zuwendet.
468;12;40:14;فَٱدْعُوا۟ ٱللَّهَ مُخْلِصِينَ لَهُ ٱلدِّينَ وَلَوْ كَرِهَ ٱلْكَـٰفِرُونَ;So ruft Allah an, indem ihr Ihm gegenüber aufrichtig in der Religion seid, auch wenn es den Ungläubigen zuwider ist.
468;13;40:15;رَفِيعُ ٱلدَّرَجَـٰتِ ذُو ٱلْعَرْشِ يُلْقِى ٱلرُّوحَ مِنْ أَمْرِهِۦ عَلَىٰ مَن;(Er ist es,) Der hohe Rangstufen hat, der Herr des Thrones. Er gibt den Geist von Seinem Befehl, wem
468;14;40:15;يَشَآءُ مِنْ عِبَادِهِۦ لِيُنذِرَ يَوْمَ ٱلتَّلَاقِ;von Seinen Dienern Er will, damit er vor dem Tag der Begegnung warne,
468;14;40:16;يَوْمَ هُم بَـٰرِزُونَ لَا يَخْفَىٰ;dem Tag, an dem sie vortreten und nichts
468;15;40:16;عَلَى ٱللَّهِ مِنْهُمْ شَىْءٌ لِّمَنِ ٱلْمُلْكُ ٱلْيَوْمَ لِلَّهِ ٱلْوَٰحِدِ ٱلْقَهَّارِ;von ihnen vor Allah verborgen bleibt. Wem gehört die Herrschaft heute? Allah, dem Einen, dem Allbezwinger.
469;1;40:17;ٱلْيَوْمَ تُجْزَىٰ كُلُّ نَفْسٍۭ بِمَا كَسَبَتْ لَا ظُلْمَ ٱلْيَوْمَ إِنَّ;Heute wird jeder Seele das vergolten, was sie erworben hat. Kein Unrecht gibt es heute. Gewiss,
469;2;40:17;ٱللَّهَ سَرِيعُ ٱلْحِسَابِ;Allah ist schnell im Abrechnen.
469;2;40:18;وَأَنذِرْهُمْ يَوْمَ ٱلْـَٔازِفَةِ إِذِ ٱلْقُلُوبُ;Und warne sie vor dem Tag der herannahenden (Entscheidung), da die Herzen
469;3;40:18;لَدَى ٱلْحَنَاجِرِ كَـٰظِمِينَ مَا لِلظَّـٰلِمِينَ مِنْ حَمِيمٍ وَلَا شَفِيعٍ;in der Kehle sitzen, den Gram unterdrückend. Die Ungerechten haben weder einen warmen Freund noch einen Fürsprecher,
469;4;40:18;يُطَاعُ;dem Gehör geschenkt würde.
469;4;40:19;يَعْلَمُ خَآئِنَةَ ٱلْأَعْيُنِ وَمَا تُخْفِى ٱلصُّدُورُ;Er weiß, was die Blicke an Verräterischem tun und was die Brüste verbergen.
469;5;40:20;وَٱللَّهُ يَقْضِى بِٱلْحَقِّ وَٱلَّذِينَ يَدْعُونَ مِن دُونِهِۦ لَا يَقْضُونَ;Und Allah entscheidet nach der Wahrheit. Diejenigen aber, die sie anstatt Seiner anrufen, entscheiden
469;6;40:20;بِشَىْءٍ إِنَّ ٱللَّهَ هُوَ ٱلسَّمِيعُ ٱلْبَصِيرُ;nichts. Gewiss, Allah ist der Allhörende, der Allsehende.
469;6;40:21;أَوَلَمْ يَسِيرُوا۟ فِى;Sind sie denn nicht umhergereist auf
469;7;40:21;ٱلْأَرْضِ فَيَنظُرُوا۟ كَيْفَ كَانَ عَـٰقِبَةُ ٱلَّذِينَ كَانُوا۟ مِن قَبْلِهِمْ;der Erde, so dass sie schauen (konnten), wie das Ende derjenigen war, die vor ihnen waren?
469;8;40:21;كَانُوا۟ هُمْ أَشَدَّ مِنْهُمْ قُوَّةً وَءَاثَارًا فِى ٱلْأَرْضِ فَأَخَذَهُمُ ٱللَّهُ;Sie waren ja stärker als sie an Kraft und hinterließen mehr Spuren auf der Erde. Da ergriff sie Allah
469;9;40:21;بِذُنُوبِهِمْ وَمَا كَانَ لَهُم مِّنَ ٱللَّهِ مِن وَاقٍ;für ihre Sünden, und sie hatten vor Allah keinen Beschützer.
469;9;40:22;ذَٰلِكَ بِأَنَّهُمْ;Dies (geschah deshalb), weil
469;10;40:22;كَانَت تَّأْتِيهِمْ رُسُلُهُم بِٱلْبَيِّنَـٰتِ فَكَفَرُوا۟ فَأَخَذَهُمُ ٱللَّهُ إِنَّهُۥ;ihre Gesandten mit den klaren Beweisen zu ihnen kamen, sie aber ungläubig blieben. Da ergriff sie Allah. Gewiss, Er ist
469;11;40:22;قَوِىٌّ شَدِيدُ ٱلْعِقَابِ;Stark und streng im Bestrafen.
469;11;40:23;وَلَقَدْ أَرْسَلْنَا مُوسَىٰ بِـَٔايَـٰتِنَا;Und Wir sandten ja bereits Mūsā mit Unseren Zeichen
469;12;40:23;وَسُلْطَـٰنٍ مُّبِينٍ;und einer deutlichen Ermächtigung
469;12;40:24;إِلَىٰ فِرْعَوْنَ وَهَـٰمَـٰنَ وَقَـٰرُونَ;zu Firʿawn, Hāmān und Qārūn.
469;13;40:24;فَقَالُوا۟ سَـٰحِرٌ كَذَّابٌ;Da sagten sie: Ein Zauberer, ein verlogener.
469;13;40:25;فَلَمَّا جَآءَهُم بِٱلْحَقِّ مِنْ;Als er ihnen nun die Wahrheit brachte von
469;14;40:25;عِندِنَا قَالُوا۟ ٱقْتُلُوٓا۟ أَبْنَآءَ ٱلَّذِينَ ءَامَنُوا۟ مَعَهُۥ وَٱسْتَحْيُوا۟;Uns, sagten sie: Tötet die Söhne derjenigen, die mit ihm glauben, und lasst
469;15;40:25;نِسَآءَهُمْ وَمَا كَيْدُ ٱلْكَـٰفِرِينَ إِلَّا فِى ضَلَـٰلٍ;ihre Frauen am Leben. Aber die List der Ungläubigen geht gewiss verloren.
470;1;40:26;وَقَالَ فِرْعَوْنُ ذَرُونِىٓ أَقْتُلْ مُوسَىٰ وَلْيَدْعُ رَبَّهُۥٓ إِنِّىٓ أَخَافُ;Und Pharao sagte: Lasst mich Mūsā töten! Er soll seinen Herrn anrufen! Ich fürchte nämlich,
470;2;40:26;أَن يُبَدِّلَ دِينَكُمْ أَوْ أَن يُظْهِرَ فِى ٱلْأَرْضِ ٱلْفَسَادَ;dass er eure Religion ändert oder dass er auf der Erde Unheil stiftet.
470;3;40:27;وَقَالَ مُوسَىٰٓ إِنِّى عُذْتُ بِرَبِّى وَرَبِّكُم مِّن كُلِّ مُتَكَبِّرٍ;Und Mūsā sagte: Ich nehme Zuflucht zu meinem Herrn und eurem Herrn vor jedem Hochmütigen,
470;4;40:27;لَّا يُؤْمِنُ بِيَوْمِ ٱلْحِسَابِ;der nicht an den Tag der Abrechnung glaubt.
470;4;40:28;وَقَالَ رَجُلٌ مُّؤْمِنٌ مِّنْ ءَالِ;Und es sagte ein gläubiger Mann von den Leuten
470;5;40:28;فِرْعَوْنَ يَكْتُمُ إِيمَـٰنَهُۥٓ أَتَقْتُلُونَ رَجُلًا أَن يَقُولَ رَبِّىَ;Pharaos, der seinen Glauben verheimlichte: Wollt ihr denn einen Mann töten, weil er sagt: Mein Herr ist
470;6;40:28;ٱللَّهُ وَقَدْ جَآءَكُم بِٱلْبَيِّنَـٰتِ مِن رَّبِّكُمْ وَإِن يَكُ كَـٰذِبًا;Allah, wo er doch mit den klaren Beweisen von eurem Herrn zu euch gekommen ist? Wenn er ein Lügner ist,
470;7;40:28;فَعَلَيْهِ كَذِبُهُۥ وَإِن يَكُ صَادِقًا يُصِبْكُم بَعْضُ ٱلَّذِى;so geht seine Lüge zu seinen Lasten. Wenn er aber die Wahrheit sagt, wird euch etwas von dem treffen, was
470;8;40:28;يَعِدُكُمْ إِنَّ ٱللَّهَ لَا يَهْدِى مَنْ هُوَ مُسْرِفٌ كَذَّابٌ;er euch androht. Gewiss, Allah leitet niemanden recht, der maßlos und verlogen ist.
470;8;40:29;يَـٰقَوْمِ;O mein Volk,
470;9;40:29;لَكُمُ ٱلْمُلْكُ ٱلْيَوْمَ ظَـٰهِرِينَ فِى ٱلْأَرْضِ فَمَن يَنصُرُنَا مِنۢ;euer ist heute die Herrschaft, da ihr auf der Erde die Oberhand habt. Wer aber wird uns helfen vor
470;10;40:29;بَأْسِ ٱللَّهِ إِن جَآءَنَا قَالَ فِرْعَوْنُ مَآ أُرِيكُمْ إِلَّا مَآ أَرَىٰ وَمَآ;Allahs Strenge, wenn sie über uns kommt? Pharao sagte: Ich weise euch nur auf das hin, was ich sehe, und
470;11;40:29;أَهْدِيكُمْ إِلَّا سَبِيلَ ٱلرَّشَادِ;ich leite euch nur auf den Weg des rechten Handelns.
470;11;40:30;وَقَالَ ٱلَّذِىٓ ءَامَنَ يَـٰقَوْمِ إِنِّىٓ;Und derjenige, der glaubte, sagte: O mein Volk, ich
470;12;40:30;أَخَافُ عَلَيْكُم مِّثْلَ يَوْمِ ٱلْأَحْزَابِ;fürchte um euch das Gleiche wie den Tag der Gruppierungen,
470;12;40:31;مِثْلَ دَأْبِ قَوْمِ نُوحٍ;wie den gewohnten Zustand des Volkes Nūḥs,
470;13;40:31;وَعَادٍ وَثَمُودَ وَٱلَّذِينَ مِنۢ بَعْدِهِمْ وَمَا ٱللَّهُ يُرِيدُ ظُلْمًا لِّلْعِبَادِ;der ʿĀd, der Ṯamūd und derjenigen nach ihnen. Und Allah will kein Unrecht für die Diener.
470;14;40:32;وَيَـٰقَوْمِ إِنِّىٓ أَخَافُ عَلَيْكُمْ يَوْمَ ٱلتَّنَادِ;O mein Volk, gewiss, ich fürchte um euch den Tag des gegenseitigen Zurufens,
470;14;40:33;يَوْمَ تُوَلُّونَ مُدْبِرِينَ;den Tag, an dem ihr den Rücken kehrt und flieht,
470;15;40:33;مَا لَكُم مِّنَ ٱللَّهِ مِنْ عَاصِمٍ وَمَن يُضْلِلِ ٱللَّهُ فَمَا لَهُۥ مِنْ هَادٍ;ohne dass ihr vor Allah einen Schützer hättet. Und wen Allah in die Irre gehen lässt, der hat niemanden, der ihn rechtleitet.
471;1;40:34;وَلَقَدْ جَآءَكُمْ يُوسُفُ مِن قَبْلُ بِٱلْبَيِّنَـٰتِ فَمَا زِلْتُمْ فِى شَكٍّ;Und Yūsuf war ja bereits zuvor mit den klaren Beweisen zu euch gekommen. Aber ihr habt nicht aufgehört, im Zweifel zu sein
471;2;40:34;مِّمَّا جَآءَكُم بِهِۦ حَتَّىٰٓ إِذَا هَلَكَ قُلْتُمْ لَن يَبْعَثَ ٱللَّهُ;über das, was er euch brachte, bis er dann starb und ihr sagtet: Allah wird
471;3;40:34;مِنۢ بَعْدِهِۦ رَسُولًا كَذَٰلِكَ يُضِلُّ ٱللَّهُ مَنْ هُوَ مُسْرِفٌ;nach ihm gewiss keinen Gesandten mehr erstehen lassen. So lässt Allah irregehen, wer maßlos und
471;4;40:34;مُّرْتَابٌ;zweiflerisch ist.
471;4;40:35;ٱلَّذِينَ يُجَـٰدِلُونَ فِىٓ ءَايَـٰتِ ٱللَّهِ بِغَيْرِ سُلْطَـٰنٍ;Diejenigen, die über die Zeichen Allahs streiten, ohne dass eine Ermächtigung
471;5;40:35;أَتَىٰهُمْ كَبُرَ مَقْتًا عِندَ ٱللَّهِ وَعِندَ ٱلَّذِينَ ءَامَنُوا۟ كَذَٰلِكَ;zu ihnen gekommen wäre, haben großen Abscheu bei Allah und bei denjenigen, die glauben, erregt. So
471;6;40:35;يَطْبَعُ ٱللَّهُ عَلَىٰ كُلِّ قَلْبِ مُتَكَبِّرٍ جَبَّارٍ;versiegelt Allah das Herz eines jeden Hochmütigen, Gewalttätigen.
471;6;40:36;وَقَالَ فِرْعَوْنُ;Und Pharao sagte:
471;7;40:36;يَـٰهَـٰمَـٰنُ ٱبْنِ لِى صَرْحًا لَّعَلِّىٓ أَبْلُغُ ٱلْأَسْبَـٰبَ;O Hāmān, baue mir einen Hochsitz, vielleicht erreiche ich die Zugänge,
471;7;40:37;أَسْبَـٰبَ;die Zugänge
471;8;40:37;ٱلسَّمَـٰوَٰتِ فَأَطَّلِعَ إِلَىٰٓ إِلَـٰهِ مُوسَىٰ وَإِنِّى لَأَظُنُّهُۥ كَـٰذِبًا;zu den Himmeln, dass ich zum Gott Mūsās emporsteige. Gewiss, ich halte ihn für einen Lügner.
471;9;40:37;وَكَذَٰلِكَ زُيِّنَ لِفِرْعَوْنَ سُوٓءُ عَمَلِهِۦ وَصُدَّ عَنِ ٱلسَّبِيلِ;Und so wurde Pharao sein böses Tun ausgeschmückt, und er wurde vom (rechten) Weg abgehalten.
471;10;40:37;وَمَا كَيْدُ فِرْعَوْنَ إِلَّا فِى تَبَابٍ;Aber die List Pharaos ging nur zugrunde.
471;10;40:38;وَقَالَ ٱلَّذِىٓ;Und es sagte derjenige, der
471;11;40:38;ءَامَنَ يَـٰقَوْمِ ٱتَّبِعُونِ أَهْدِكُمْ سَبِيلَ ٱلرَّشَادِ;glaubte: O mein Volk, folgt mir, so leite ich euch auf den Weg des rechten Handelns.
471;12;40:39;يَـٰقَوْمِ إِنَّمَا هَـٰذِهِ ٱلْحَيَوٰةُ ٱلدُّنْيَا مَتَـٰعٌ وَإِنَّ ٱلْـَٔاخِرَةَ هِىَ;O mein Volk, dieses irdische Leben ist nur Nießbrauch. Das Jenseits aber ist
471;13;40:39;دَارُ ٱلْقَرَارِ;die Wohnstätte des Bleibens.
471;13;40:40;مَنْ عَمِلَ سَيِّئَةً فَلَا يُجْزَىٰٓ إِلَّا مِثْلَهَا;Wer eine böse Tat begeht, dem wird nur mit Gleichwertigem vergolten.
471;14;40:40;وَمَنْ عَمِلَ صَـٰلِحًا مِّن ذَكَرٍ أَوْ أُنثَىٰ وَهُوَ مُؤْمِنٌ;Wer aber rechtschaffen handelt, ob Mann oder Frau, und dabei gläubig ist,
471;15;40:40;فَأُو۟لَـٰٓئِكَ يَدْخُلُونَ ٱلْجَنَّةَ يُرْزَقُونَ فِيهَا بِغَيْرِ حِسَابٍ;jene werden in den Paradiesgarten eingehen, wo sie versorgt werden ohne Abrechnung.
472;1;40:41;وَيَـٰقَوْمِ مَا لِىٓ أَدْعُوكُمْ إِلَى ٱلنَّجَوٰةِ وَتَدْعُونَنِىٓ إِلَى;O mein Volk, wie kommt es, dass ich euch zur Rettung rufe, während ihr mich ruft
472;2;40:41;ٱلنَّارِ;zum Feuer?
472;2;40:42;تَدْعُونَنِى لِأَكْفُرَ بِٱللَّهِ وَأُشْرِكَ بِهِۦ مَا لَيْسَ;Ihr ruft mich dazu auf, Allah zu verleugnen und Ihm das beizugesellen, wovon ich
472;3;40:42;لِى بِهِۦ عِلْمٌ وَأَنَا۠ أَدْعُوكُمْ إِلَى ٱلْعَزِيزِ ٱلْغَفَّـٰرِ;kein Wissen habe, während ich euch zum Allmächtigen, zum Allvergebenden rufe.
472;3;40:43;لَا جَرَمَ;Zweifellos
472;4;40:43;أَنَّمَا تَدْعُونَنِىٓ إِلَيْهِ لَيْسَ لَهُۥ دَعْوَةٌ فِى ٱلدُّنْيَا وَلَا فِى ٱلْـَٔاخِرَةِ;gebührt dem, wozu ihr mich ruft, keine Anrufung, weder im Diesseits noch im Jenseits,
472;5;40:43;وَأَنَّ مَرَدَّنَآ إِلَى ٱللَّهِ وَأَنَّ ٱلْمُسْرِفِينَ هُمْ أَصْحَـٰبُ ٱلنَّارِ;und unsere Rückkehr ist gewiss zu Allah, und die Maßlosen sind gewiss die Gefährten des Feuers.
472;6;40:44;فَسَتَذْكُرُونَ مَآ أَقُولُ لَكُمْ وَأُفَوِّضُ أَمْرِىٓ إِلَى;So werdet ihr an das denken, was ich euch sage. Und ich überlasse meine Angelegenheit
472;7;40:44;ٱللَّهِ إِنَّ ٱللَّهَ بَصِيرٌۢ بِٱلْعِبَادِ;Allah. Gewiss, Allah sieht die Diener wohl.
472;7;40:45;فَوَقَىٰهُ ٱللَّهُ سَيِّـَٔاتِ;Da bewahrte ihn Allah vor den Bosheiten
472;8;40:45;مَا مَكَرُوا۟ وَحَاقَ بِـَٔالِ فِرْعَوْنَ سُوٓءُ ٱلْعَذَابِ;ihrer Ränke, und die Sippe Pharaos umringte die schlimme Strafe:
472;8;40:46;ٱلنَّارُ;das Feuer,
472;9;40:46;يُعْرَضُونَ عَلَيْهَا غُدُوًّا وَعَشِيًّا وَيَوْمَ تَقُومُ ٱلسَّاعَةُ أَدْخِلُوٓا۟;dem sie morgens und abends vorgeführt werden. Und am Tag, da die Stunde heraufzieht: Lasst
472;10;40:46;ءَالَ فِرْعَوْنَ أَشَدَّ ٱلْعَذَابِ;die Sippe Pharaos die strengste Strafe erleiden!
472;10;40:47;وَإِذْ يَتَحَآجُّونَ فِى;Und wenn sie miteinander streiten
472;11;40:47;ٱلنَّارِ فَيَقُولُ ٱلضُّعَفَـٰٓؤُا۟ لِلَّذِينَ ٱسْتَكْبَرُوٓا۟ إِنَّا كُنَّا;im Feuer, da sagen die Schwachen zu denjenigen, die sich hochmütig verhielten: Gewiss, wir waren
472;12;40:47;لَكُمْ تَبَعًا فَهَلْ أَنتُم مُّغْنُونَ عَنَّا نَصِيبًا مِّنَ ٱلنَّارِ;eure Gefolgsleute. Könnt ihr uns nun einen Teil des Feuers abnehmen?
472;13;40:48;قَالَ ٱلَّذِينَ ٱسْتَكْبَرُوٓا۟ إِنَّا كُلٌّ فِيهَآ إِنَّ ٱللَّهَ;Diejenigen, die sich hochmütig verhielten, sagen: Gewiss, wir befinden uns alle darin. Gewiss, Allah
472;14;40:48;قَدْ حَكَمَ بَيْنَ ٱلْعِبَادِ;hat bereits zwischen den Dienern gerichtet.
472;14;40:49;وَقَالَ ٱلَّذِينَ فِى ٱلنَّارِ لِخَزَنَةِ;Und diejenigen, die im Feuer sind, sagen zu den Wärtern
472;15;40:49;جَهَنَّمَ ٱدْعُوا۟ رَبَّكُمْ يُخَفِّفْ عَنَّا يَوْمًا مِّنَ ٱلْعَذَابِ;der Hölle: Ruft euren Herrn an, dass Er uns einen Tag von der Strafe erlasse!
473;1;40:50;قَالُوٓا۟ أَوَلَمْ تَكُ تَأْتِيكُمْ رُسُلُكُم بِٱلْبَيِّنَـٰتِ قَالُوا۟;Sie sagen: Kamen nicht doch eure Gesandten mit den klaren Beweisen zu euch? Sie sagen:
473;2;40:50;بَلَىٰ قَالُوا۟ فَٱدْعُوا۟ وَمَا دُعَـٰٓؤُا۟ ٱلْكَـٰفِرِينَ إِلَّا فِى ضَلَـٰلٍ;Jawohl! Sie sagen: So ruft an! Aber das Rufen der Ungläubigen geht gewiss verloren.
473;3;40:51;إِنَّا لَنَنصُرُ رُسُلَنَا وَٱلَّذِينَ ءَامَنُوا۟ فِى ٱلْحَيَوٰةِ ٱلدُّنْيَا;Gewiss, Wir helfen Unseren Gesandten und denjenigen, die glauben, im irdischen Leben
473;4;40:51;وَيَوْمَ يَقُومُ ٱلْأَشْهَـٰدُ;und am Tag, da die Zeugen auftreten,
473;4;40:52;يَوْمَ لَا يَنفَعُ ٱلظَّـٰلِمِينَ مَعْذِرَتُهُمْ;dem Tag, an dem den Ungerechten ihre Entschuldigung nicht nützt,
473;5;40:52;وَلَهُمُ ٱللَّعْنَةُ وَلَهُمْ سُوٓءُ ٱلدَّارِ;und ihnen wird der Fluch zuteil, und ihnen wird die böse Wohnstätte zuteil.
473;5;40:53;وَلَقَدْ ءَاتَيْنَا مُوسَى;Und Wir gaben bereits Mūsā
473;6;40:53;ٱلْهُدَىٰ وَأَوْرَثْنَا بَنِىٓ إِسْرَٰٓءِيلَ ٱلْكِتَـٰبَ;die Rechtleitung und ließen die Kinder Isrāʾīls die Schrift erben,
473;6;40:54;هُدًى;als Rechtleitung
473;7;40:54;وَذِكْرَىٰ لِأُو۟لِى ٱلْأَلْبَـٰبِ;und Ermahnung für diejenigen, die Verstand besitzen.
473;7;40:55;فَٱصْبِرْ إِنَّ وَعْدَ ٱللَّهِ;Sei nun standhaft! Gewiss, Allahs Versprechen
473;8;40:55;حَقٌّ وَٱسْتَغْفِرْ لِذَنۢبِكَ وَسَبِّحْ بِحَمْدِ رَبِّكَ بِٱلْعَشِىِّ;ist wahr. Und bitte um Vergebung für deine Sünde und preise das Lob deines Herrn am Abend
473;9;40:55;وَٱلْإِبْكَـٰرِ;und am frühen Morgen.
473;9;40:56;إِنَّ ٱلَّذِينَ يُجَـٰدِلُونَ فِىٓ ءَايَـٰتِ;Gewiss, diejenigen, die über die Zeichen
473;10;40:56;ٱللَّهِ بِغَيْرِ سُلْطَـٰنٍ أَتَىٰهُمْ إِن فِى صُدُورِهِمْ إِلَّا كِبْرٌ;Allahs streiten, ohne dass eine Ermächtigung zu ihnen gekommen wäre, haben in ihren Brüsten nur Hochmut,
473;11;40:56;مَّا هُم بِبَـٰلِغِيهِ فَٱسْتَعِذْ بِٱللَّهِ إِنَّهُۥ هُوَ ٱلسَّمِيعُ;den sie nicht verwirklichen können. So nimm Zuflucht bei Allah. Gewiss, Er ist der Allhörende,
473;12;40:56;ٱلْبَصِيرُ;der Allsehende.
473;12;40:57;لَخَلْقُ ٱلسَّمَـٰوَٰتِ وَٱلْأَرْضِ أَكْبَرُ مِنْ;Wahrlich, die Erschaffung der Himmel und der Erde ist größer als
473;13;40:57;خَلْقِ ٱلنَّاسِ وَلَـٰكِنَّ أَكْثَرَ ٱلنَّاسِ لَا يَعْلَمُونَ;die Erschaffung der Menschen. Aber die meisten Menschen wissen nicht.
473;14;40:58;وَمَا يَسْتَوِى ٱلْأَعْمَىٰ وَٱلْبَصِيرُ وَٱلَّذِينَ ءَامَنُوا۟ وَعَمِلُوا۟;Nicht gleich sind der Blinde und der Sehende und diejenigen, die glauben und
473;15;40:58;ٱلصَّـٰلِحَـٰتِ وَلَا ٱلْمُسِىٓءُ قَلِيلًا مَّا تَتَذَكَّرُونَ;rechtschaffene Werke tun, und der Missetäter. Wie wenig ihr bedenkt!
474;1;40:59;إِنَّ ٱلسَّاعَةَ لَـَٔاتِيَةٌ لَّا رَيْبَ فِيهَا وَلَـٰكِنَّ أَكْثَرَ ٱلنَّاسِ;Gewiss, die Stunde kommt bestimmt, an ihr gibt es keinen Zweifel. Aber die meisten Menschen
474;2;40:59;لَا يُؤْمِنُونَ;glauben nicht.
474;2;40:60;وَقَالَ رَبُّكُمُ ٱدْعُونِىٓ أَسْتَجِبْ لَكُمْ;Euer Herr sagt: Ruft Mich an, so erhöre Ich euch.
474;3;40:60;إِنَّ ٱلَّذِينَ يَسْتَكْبِرُونَ عَنْ عِبَادَتِى سَيَدْخُلُونَ جَهَنَّمَ;Gewiss, diejenigen, die sich aus Hochmut weigern, Mir zu dienen, werden in die Hölle eingehen,
474;4;40:60;دَاخِرِينَ;gedemütigt.
474;4;40:61;ٱللَّهُ ٱلَّذِى جَعَلَ لَكُمُ ٱلَّيْلَ لِتَسْكُنُوا۟;Allah ist es, Der euch die Nacht gemacht hat, damit ihr ruht
474;5;40:61;فِيهِ وَٱلنَّهَارَ مُبْصِرًا إِنَّ ٱللَّهَ لَذُو فَضْلٍ عَلَى ٱلنَّاسِ;in ihr, und den Tag hell. Gewiss, Allah ist voll Huld gegen die Menschen.
474;6;40:61;وَلَـٰكِنَّ أَكْثَرَ ٱلنَّاسِ لَا يَشْكُرُونَ;Aber die meisten Menschen sind nicht dankbar.
474;6;40:62;ذَٰلِكُمُ;Das ist doch
474;7;40:62;ٱللَّهُ رَبُّكُمْ خَـٰلِقُ كُلِّ شَىْءٍ لَّآ إِلَـٰهَ إِلَّا هُوَ فَأَنَّىٰ تُؤْفَكُونَ;Allah, euer Herr, der Schöpfer von allem. Es gibt keinen Gott außer Ihm. Wie lasst ihr euch also abwendig machen?
474;8;40:63;كَذَٰلِكَ يُؤْفَكُ ٱلَّذِينَ كَانُوا۟ بِـَٔايَـٰتِ ٱللَّهِ يَجْحَدُونَ;So lassen sich diejenigen abwendig machen, die Allahs Zeichen zu leugnen pflegten.
474;9;40:64;ٱللَّهُ ٱلَّذِى جَعَلَ لَكُمُ ٱلْأَرْضَ قَرَارًا وَٱلسَّمَآءَ;Allah ist es, Der euch die Erde zu einem festen Grund und den Himmel
474;10;40:64;بِنَآءً وَصَوَّرَكُمْ فَأَحْسَنَ صُوَرَكُمْ وَرَزَقَكُم مِّنَ;zu einem Bau gemacht, euch gestaltet und eure Gestalten schön gemacht und euch versorgt hat von
474;11;40:64;ٱلطَّيِّبَـٰتِ ذَٰلِكُمُ ٱللَّهُ رَبُّكُمْ فَتَبَارَكَ ٱللَّهُ رَبُّ;den guten Dingen. Das ist doch Allah, euer Herr. Segensreich ist Allah, der Herr
474;12;40:64;ٱلْعَـٰلَمِينَ;der Weltenbewohner!
474;12;40:65;هُوَ ٱلْحَىُّ لَآ إِلَـٰهَ إِلَّا هُوَ فَٱدْعُوهُ;Er ist der Lebendige. Es gibt keinen Gott außer Ihm. So ruft Ihn an,
474;13;40:65;مُخْلِصِينَ لَهُ ٱلدِّينَ ٱلْحَمْدُ لِلَّهِ رَبِّ ٱلْعَـٰلَمِينَ;indem ihr Ihm gegenüber aufrichtig in der Religion seid. Alles Lob gebührt Allah, dem Herrn der Weltenbewohner.
474;13;40:66;قُلْ;Sag:
474;14;40:66;إِنِّى نُهِيتُ أَنْ أَعْبُدَ ٱلَّذِينَ تَدْعُونَ مِن دُونِ ٱللَّهِ لَمَّا جَآءَنِىَ;Mir ist es untersagt worden, denjenigen zu dienen, die ihr anstatt Allahs anruft, nachdem zu mir
474;15;40:66;ٱلْبَيِّنَـٰتُ مِن رَّبِّى وَأُمِرْتُ أَنْ أُسْلِمَ لِرَبِّ ٱلْعَـٰلَمِينَ;die klaren Beweise von meinem Herrn gekommen sind, und mir ist befohlen worden, mich dem Herrn der Weltenbewohner zu unterwerfen.
475;1;40:67;هُوَ ٱلَّذِى خَلَقَكُم مِّن تُرَابٍ ثُمَّ مِن نُّطْفَةٍ ثُمَّ مِنْ عَلَقَةٍ ثُمَّ;Er ist es, Der euch aus Erde erschaffen hat, hierauf aus einem Samentropfen, hierauf aus einem Anhängsel. Hierauf
475;2;40:67;يُخْرِجُكُمْ طِفْلًا ثُمَّ لِتَبْلُغُوٓا۟ أَشُدَّكُمْ ثُمَّ لِتَكُونُوا۟;lässt Er euch als kleines Kind hervorkommen. Hierauf (lässt Er euch heranwachsen), damit ihr eure Vollkraft erreicht und damit ihr dann
475;3;40:67;شُيُوخًا وَمِنكُم مَّن يُتَوَفَّىٰ مِن قَبْلُ وَلِتَبْلُغُوٓا۟ أَجَلًا مُّسَمًّى;Greise werdet – manche von euch werden schon vorher abberufen – und damit ihr eine festgesetzte Frist erreicht,
475;4;40:67;وَلَعَلَّكُمْ تَعْقِلُونَ;und auf dass ihr begreifen mögt.
475;4;40:68;هُوَ ٱلَّذِى يُحْىِۦ وَيُمِيتُ فَإِذَا;Er ist es, Der lebendig macht und sterben lässt. Wenn
475;5;40:68;قَضَىٰٓ أَمْرًا فَإِنَّمَا يَقُولُ لَهُۥ كُن فَيَكُونُ;Er eine Sache beschließt, so sagt Er zu ihr nur: Sei!, und so ist sie.
475;5;40:69;أَلَمْ تَرَ إِلَى ٱلَّذِينَ;Siehst du nicht diejenigen,
475;6;40:69;يُجَـٰدِلُونَ فِىٓ ءَايَـٰتِ ٱللَّهِ أَنَّىٰ يُصْرَفُونَ;die über die Zeichen Allahs streiten, wie sie sich abwenden lassen?
475;6;40:70;ٱلَّذِينَ كَذَّبُوا۟;Diejenigen, die leugnen
475;7;40:70;بِٱلْكِتَـٰبِ وَبِمَآ أَرْسَلْنَا بِهِۦ رُسُلَنَا فَسَوْفَ يَعْلَمُونَ;das Buch und das, womit Wir Unsere Gesandten gesandt haben – sie werden es aber noch erfahren,
475;8;40:71;إِذِ ٱلْأَغْلَـٰلُ فِىٓ أَعْنَـٰقِهِمْ وَٱلسَّلَـٰسِلُ يُسْحَبُونَ;wenn die Fesseln und die Ketten um ihre Hälse gelegt sind und sie gezerrt werden
475;9;40:72;فِى ٱلْحَمِيمِ ثُمَّ فِى ٱلنَّارِ يُسْجَرُونَ;ins siedende Wasser und hierauf im Feuer gepeinigt werden.
475;9;40:73;ثُمَّ قِيلَ لَهُمْ أَيْنَ;Hierauf wird zu ihnen gesagt werden: Wo ist
475;10;40:73;مَا كُنتُمْ تُشْرِكُونَ;das, was ihr beizugesellen pflegtet
475;10;40:74;مِن دُونِ ٱللَّهِ قَالُوا۟ ضَلُّوا۟ عَنَّا بَل لَّمْ;anstatt Allahs? Sie werden sagen: Sie sind uns entschwunden. Nein, vielmehr haben wir
475;11;40:74;نَكُن نَّدْعُوا۟ مِن قَبْلُ شَيْـًٔا كَذَٰلِكَ يُضِلُّ ٱللَّهُ ٱلْكَـٰفِرِينَ;vordem gar nichts angerufen. So lässt Allah die Ungläubigen irregehen.
475;12;40:75;ذَٰلِكُم بِمَا كُنتُمْ تَفْرَحُونَ فِى ٱلْأَرْضِ بِغَيْرِ ٱلْحَقِّ وَبِمَا كُنتُمْ;Dies dafür, dass ihr auf der Erde ohne Recht zu frohlocken und
475;13;40:75;تَمْرَحُونَ;ausgelassen zu sein pflegtet.
475;13;40:76;ٱدْخُلُوٓا۟ أَبْوَٰبَ جَهَنَّمَ خَـٰلِدِينَ فِيهَا فَبِئْسَ;Betretet die Tore der Hölle, ewig darin zu bleiben. Wie schlimm ist
475;14;40:76;مَثْوَى ٱلْمُتَكَبِّرِينَ;die Bleibe der Hochmütigen!
475;14;40:77;فَٱصْبِرْ إِنَّ وَعْدَ ٱللَّهِ حَقٌّ فَإِمَّا;Sei nun standhaft! Gewiss, Allahs Versprechen ist wahr. Ob nun
475;15;40:77;نُرِيَنَّكَ بَعْضَ ٱلَّذِى نَعِدُهُمْ أَوْ نَتَوَفَّيَنَّكَ فَإِلَيْنَا يُرْجَعُونَ;Wir dir einen Teil von dem zeigen, was Wir ihnen androhen, oder dich vorher abberufen – zu Uns werden sie zurückgebracht.
476;1;40:78;وَلَقَدْ أَرْسَلْنَا رُسُلًا مِّن قَبْلِكَ مِنْهُم مَّن قَصَصْنَا عَلَيْكَ;Und Wir sandten ja bereits Gesandte vor dir. Unter ihnen sind manche, von denen Wir dir berichtet haben,
476;2;40:78;وَمِنْهُم مَّن لَّمْ نَقْصُصْ عَلَيْكَ وَمَا كَانَ لِرَسُولٍ أَن يَأْتِىَ;und unter ihnen sind manche, von denen Wir dir nicht berichtet haben. Kein Gesandter kann
476;3;40:78;بِـَٔايَةٍ إِلَّا بِإِذْنِ ٱللَّهِ فَإِذَا جَآءَ أَمْرُ ٱللَّهِ قُضِىَ بِٱلْحَقِّ وَخَسِرَ;ein Zeichen bringen außer mit Allahs Erlaubnis. Wenn dann Allahs Befehl kommt, wird nach der Wahrheit entschieden, und verloren haben
476;4;40:78;هُنَالِكَ ٱلْمُبْطِلُونَ;da diejenigen, die (alles) für nichtig erklären.
476;4;40:79;ٱللَّهُ ٱلَّذِى جَعَلَ لَكُمُ ٱلْأَنْعَـٰمَ;Allah ist es, Der euch das Vieh gemacht hat,
476;5;40:79;لِتَرْكَبُوا۟ مِنْهَا وَمِنْهَا تَأْكُلُونَ;damit ihr teils auf ihm reitet, und teils ernährt ihr euch von ihm.
476;5;40:80;وَلَكُمْ فِيهَا;Und ihr habt an ihm
476;6;40:80;مَنَـٰفِعُ وَلِتَبْلُغُوا۟ عَلَيْهَا حَاجَةً فِى صُدُورِكُمْ وَعَلَيْهَا وَعَلَى;(allerlei) Nutzen, und damit ihr darauf ein Anliegen erreicht, das in euren Brüsten ist. Und auf ihm und auf
476;7;40:80;ٱلْفُلْكِ تُحْمَلُونَ;den Schiffen werdet ihr getragen.
476;7;40:81;وَيُرِيكُمْ ءَايَـٰتِهِۦ فَأَىَّ ءَايَـٰتِ;Und Er zeigt euch Seine Zeichen. Welche der Zeichen
476;8;40:81;ٱللَّهِ تُنكِرُونَ;Allahs wollt ihr denn leugnen?
476;8;40:82;أَفَلَمْ يَسِيرُوا۟ فِى ٱلْأَرْضِ فَيَنظُرُوا۟ كَيْفَ;Sind sie denn nicht auf der Erde umhergereist, so dass sie schauen (konnten), wie
476;9;40:82;كَانَ عَـٰقِبَةُ ٱلَّذِينَ مِن قَبْلِهِمْ كَانُوٓا۟ أَكْثَرَ مِنْهُمْ وَأَشَدَّ;das Ende derjenigen war, die vor ihnen waren? Sie waren zahlreicher als sie und stärker
476;10;40:82;قُوَّةً وَءَاثَارًا فِى ٱلْأَرْضِ فَمَآ أَغْنَىٰ عَنْهُم مَّا كَانُوا۟ يَكْسِبُونَ;an Kraft und hinterließen mehr Spuren auf der Erde. Doch nützte ihnen nicht, was sie zu erwerben pflegten.
476;11;40:83;فَلَمَّا جَآءَتْهُمْ رُسُلُهُم بِٱلْبَيِّنَـٰتِ فَرِحُوا۟ بِمَا عِندَهُم;Als ihre Gesandten mit den klaren Beweisen zu ihnen kamen, frohlockten sie über das, was sie hatten
476;12;40:83;مِّنَ ٱلْعِلْمِ وَحَاقَ بِهِم مَّا كَانُوا۟ بِهِۦ يَسْتَهْزِءُونَ;an Wissen, aber es umschloss sie das, worüber sie sich lustig zu machen pflegten.
476;12;40:84;فَلَمَّا;Als sie dann
476;13;40:84;رَأَوْا۟ بَأْسَنَا قَالُوٓا۟ ءَامَنَّا بِٱللَّهِ وَحْدَهُۥ وَكَفَرْنَا بِمَا كُنَّا بِهِۦ;Unsere Strenge sahen, sagten sie: Wir glauben an Allah allein und verleugnen das, was wir Ihm
476;14;40:84;مُشْرِكِينَ;beizugesellen pflegten.
476;14;40:85;فَلَمْ يَكُ يَنفَعُهُمْ إِيمَـٰنُهُمْ لَمَّا رَأَوْا۟ بَأْسَنَا سُنَّتَ;Aber ihr Glaube nützte ihnen nichts mehr, als sie Unsere Strenge sahen. (So ist) die Gesetzmäßigkeit
476;15;40:85;ٱللَّهِ ٱلَّتِى قَدْ خَلَتْ فِى عِبَادِهِۦ وَخَسِرَ هُنَالِكَ ٱلْكَـٰفِرُونَ;Allahs, die schon zuvor an Seinen Dienern vollzogen worden ist, und verloren sind da die Ungläubigen.
