Sura;Vers;Fragment;Teil;Wörter;Frage;Stichpunkt;Emoji;Übersetzung
40;4;1;1;1-5;Wenn das alles so klar ist: Worüber dürfte eigentlich niemand streiten?;Über Allahs Zeichen streitet eigentlich niemand;🗣️;Es streitet niemand über die Zeichen Allahs
40;4;1;2;6-8;Wer streitet trotzdem über Allahs Zeichen?;Nur die Ungläubigen streiten darüber;❌;außer denjenigen, die ungläubig sind.
40;4;2;1;9-10;Wie soll der Prophet ﷺ ihre Macht und ihren Handelserfolg im Land ansehen?;Lass dich von ihnen nicht täuschen;🎭;So lasse dich nicht täuschen
40;4;2;2;11-13;Wovon genau soll er sich nicht täuschen lassen?;Gemeint ist ihr Umherziehen im Land;🌍;von ihrem Umherziehen im Land!
40;7;1;1;1-5;Wer betet nach der Warnung an die Leugner für die Gläubigen?;Die Engel tragen den Thron und umgeben ihn;👑;Diejenigen, die den Thron tragen, und diejenigen in seiner Umgebung
40;7;1;2;6-13;Was tun diese Engel?;Sie lobpreisen, glauben und bitten um Vergebung;📿;lobpreisen ihren Herrn, glauben an Ihn und bitten um Vergebung für diejenigen, die glauben
40;7;2;1;14-19;Auf welche Eigenschaften Allahs stützen die Engel ihre Bitte um Vergebung?;Deine Gnade und Dein Wissen umfassen alles;☂️;Unser Herr, Du umfasst alles an Barmherzigkeit und Wissen,
40;7;2;2;20-24;Worum bitten die Engel, gestützt auf diese Barmherzigkeit, für die Reuigen?;Vergib den Reuigen, die Deinem Weg folgen;🤲;so vergib denjenigen, die bereuen und Deinem Weg folgen,
40;13;1;1;1-4;Hätten sie Allahs Einzigkeit schon im Diesseits erkennen können?;Er zeigt euch ständig Seine Zeichen;🌌;Er ist es, Der euch Seine Zeichen zeigt
40;13;1;2;5-9;Welche Gabe sendet Er außer Seinen Zeichen vom Himmel herab?;Er sendet Versorgung vom Himmel herab;🌧️;und euch vom Himmel Versorgung hinabsendet.
40;14;1;1;1-5;Was folgt daraus, dass Er allein Zeichen zeigt und Versorgung herabsendet?;Ruft Allah an, aufrichtig im Glauben;🤲;So ruft Allah an, indem ihr Ihm gegenüber aufrichtig in der Religion seid,
40;14;1;2;6-8;Gilt dieser aufrichtige Aufruf auch, wenn er anderen missfällt?;Auch wenn es den Ungläubigen missfällt;😒;auch wenn es den Ungläubigen zuwider ist.
40;20;2;1;4-7;Wen stellt der Vers Allah gegenüber, der nach der Wahrheit entscheidet?;Sie rufen andere anstatt Allah an;🪨;Diejenigen aber, die sie anstatt Seiner anrufen,
40;20;2;2;8-10;Können die, die man neben Allah anruft, über etwas entscheiden?;Diese Götzen entscheiden über gar nichts;🕳️;entscheiden nichts.
40;21;2;1;13-20;Wie mächtig waren diese früheren Völker im Vergleich zu ihnen?;Die Früheren übertreffen sie an Kraft und Spuren;🏛️;Sie waren ja stärker als sie an Kraft und hinterließen mehr Spuren auf der Erde.
40;21;2;2;21-30;Was geschah mit diesen starken Völkern wegen ihrer Sünden?;Allah ergreift sie, niemand beschützt sie;🌪️;Da ergriff sie Allah für ihre Sünden, und sie hatten vor Allah keinen Beschützer.
40;25;1;1;1-5;Womit kam Mūsā trotz ihrer Schmähungen zu ihnen?;Mūsā bringt die Wahrheit von Allah;☀️;Als er ihnen nun die Wahrheit von Uns brachte,
40;25;1;2;6-13;Was taten sie, als ihre Schmähungen gegen die Wahrheit nichts ausrichteten?;Sie befehlen: Tötet die Söhne der Gläubigen;⚔️;sagten sie: Tötet die Söhne derjenigen, die mit ihm glauben, und lasst ihre Frauen am Leben.
40;26;2;1;8-12;Wie rechtfertigt Firʿawn diesen Mordplan vor seinem Volk?;Vorwand: Mūsā ändere ihre Religion;🎭;Ich fürchte nämlich, dass er eure Religion ändert
40;26;2;2;13-18;Welche zweite Gefahr behauptet Firʿawn außer dem Religionswechsel?;Oder Mūsā stifte angeblich Unheil im Land;🧨;oder dass er auf der Erde Unheil stiftet.
40;27;1;1;1-6;Wie antwortet Mūsā auf diese Drohung?;Mūsā sucht Zuflucht bei seinem Herrn;🛡️;Und Mūsā sagte: Ich nehme Zuflucht zu meinem Herrn und eurem Herrn
40;27;1;2;7-13;Vor wem sucht Mūsā Zuflucht bei seinem Herrn?;Vor jedem Hochmütigen, der die Abrechnung leugnet;🦚;vor jedem Hochmütigen, der nicht an den Tag der Abrechnung glaubt.
40;28;1;1;1-8;Wie beantwortet Allah Mūsās Zufluchtsuche?;Ein heimlich Gläubiger aus Firʿawns Sippe spricht;🤫;Ein gläubiger Mann von den Leuten Pharaos, der seinen Glauben verheimlichte, sagte:
40;28;1;2;9-19;Was hält dieser gläubige Mann den Leuten vor, die Mūsā töten wollen?;Tötet ihr ihn, weil er Allah bekennt;⁉️;Wollt ihr denn einen Mann töten, weil er sagt: Mein Herr ist Allah, wo er doch mit den klaren Beweisen von eurem Herrn zu euch gekommen ist?
40;29;1;1;1-4;Was gesteht der Gläubige seinem Volk zuerst zu?;Euch gehört heute die Herrschaft, sagt er;👑;O mein Volk, euer ist heute die Herrschaft,
40;29;1;2;5-7;Wie zeigt sich ihre Herrschaft im Land?;Ihr habt die Oberhand im Land;💪;da ihr auf der Erde die Oberhand habt.
40;29;1;3;8-14;Was sagt er ihnen noch, damit sie sich nicht auf ihre Macht verlassen?;Doch wer hilft gegen Allahs Strafe;🆘;Wer aber wird uns vor Allahs Strenge helfen, wenn sie über uns kommt?
40;29;2;1;15-21;Was kann Firʿawn dieser Logik entgegensetzen?;Firʿawn: Ich zeige euch nur meine Sicht;🗣️;Pharao sagte: Ich weise euch nur auf das hin, was ich sehe,
40;29;2;2;22-26;Wohin will Firʿawn sein Volk angeblich führen?;Er behauptet, sie richtig zu führen;➡️;und ich leite euch nur auf den Weg des rechten Handelns.
40;34;1;1;1-6;Gab es in der eigenen Geschichte Ägyptens schon ein Beispiel für diesen Irrweg?;Schon Yūsuf bringt ihnen klare Beweise;📜;Und Yūsuf war ja bereits zuvor mit den klaren Beweisen zu euch gekommen.
40;34;1;2;7-13;Wie nahmen die Ägypter Yūsufs Beweise auf?;Doch sie bleiben ständig im Zweifel;🤔;Aber ihr habt nicht aufgehört, über das im Zweifel zu sein, was er euch brachte,
40;34;2;1;14-16;Wie lange hielt dieser Zweifel an Yūsufs Botschaft an?;Der Zweifel bleibt bis zu seinem Tod;⚰️;bis er dann starb
40;34;2;2;17-23;Was sagten sie, als Yūsuf gestorben war?;Dann sagen sie: Kein Gesandter mehr;🔚;und ihr sagtet: Allah wird nach ihm gewiss keinen Gesandten mehr erstehen lassen.
40;35;1;1;1-5;Wer sind diese Maßlosen, die immer zweifeln?;Es sind die Streiter über Allahs Zeichen;🗣️;Diejenigen, die über die Zeichen Allahs streiten,
40;35;1;2;6-8;Auf welcher Grundlage streiten sie über Allahs Zeichen?;Sie haben dafür keinerlei Beweis;📭;ohne dass eine Ermächtigung zu ihnen gekommen wäre,
40;35;3;1;16-18;Welche Folge hat diese Haltung für die Streitenden?;So setzt Allah ein Siegel;🔒;So versiegelt Allah
40;35;3;2;19-23;Wessen Herz versiegelt Allah auf diese Weise?;Auf jedes hochmütige, gewalttätige Herz;🖤;das Herz eines jeden Hochmütigen, Gewalttätigen.
40;37;1;1;1-6;Welche Zugänge will Firʿawn mit diesem Turm erreichen?;Er will hinauf zu Mūsās Gott;🌌;die Zugänge zu den Himmeln, dass ich zum Gott Mūsās emporsteige,
40;37;1;2;7-9;Was hält Firʿawn in Wahrheit von Mūsā?;Doch er hält Mūsā für einen Lügner;🤥;gewiss, ich halte ihn für einen Lügner.
40;40;2;1;8-16;Wessen Tat stellt der Gläubige der bösen Tat gegenüber?;Wer gläubig Gutes tut, ob Mann oder Frau;🌱;Wer aber rechtschaffen handelt, ob Mann oder Frau, und dabei gläubig ist,
40;40;2;2;17-23;Und wie wird diese gute Tat belohnt?;Sie kommen ins Paradies, versorgt ohne Abrechnung;🌴;jene werden in den Paradiesgarten eingehen, wo sie versorgt werden ohne Abrechnung.
40;41;1;1;1-6;Wie fasst der Gläubige am Ende seine ganze Rede zusammen?;Der Gläubige ruft sein Volk zur Rettung;🕊️;O mein Volk, wie kommt es, dass ich euch zur Rettung rufe,
40;41;1;2;7-9;Und wozu ruft ihn sein Volk im Gegenzug?;Doch sie rufen ihn zum Feuer;🪤;während ihr mich zum Feuer ruft?
40;42;1;1;1-3;Wozu genau rufen sie ihn, wenn er vom Feuer spricht?;Sie wollen, dass er Allah verleugnet;❌;Ihr ruft mich dazu auf, Allah zu verleugnen
40;42;1;2;4-10;Wozu rufen sie ihn außer zum Verleugnen Allahs noch?;Er soll Allah Teilhaber ohne Wissen beigesellen;👥;und Ihm das beizugesellen, wovon ich kein Wissen habe,
40;46;2;1;6-8;Wann folgt auf die Strafe der Zwischenwelt die nächste Stufe?;Dann bricht die Stunde an;⏰;Und am Tag, da die Stunde heraufzieht:
40;46;2;2;9-13;Was geschieht mit Firʿawns Sippe, wenn die Stunde kommt?;Firʿawns Sippe kommt in die härteste Strafe;🌋;Lasst die Sippe Pharaos die strengste Strafe erleiden!
40;53;1;1;1-4;Gibt es ein Beispiel aus der Geschichte, dass Allah Seinem Gesandten wirklich beisteht?;Allah gibt Mūsā die Rechtleitung;🧭;Und Wir gaben bereits Mūsā die Rechtleitung
40;53;1;2;5-8;Was ließ Allah die Kinder Isrāʾīls erben?;Isrāʾīls Kinder erben die Schrift;📜;und ließen die Kinder Isrāʾīls die Schrift erben,
40;55;1;1;1-5;Wenn Allahs Beistand so sicher ist: Was soll der Prophet ﷺ gegenüber den Leugnern in Mekka tun?;Sei standhaft, Allahs Versprechen ist wahr;⚓;Sei nun standhaft! Gewiss, Allahs Versprechen ist wahr.
40;55;1;2;6-12;Was soll der Prophet ﷺ neben seiner Standhaftigkeit noch tun?;Bitte um Vergebung, preise abends und morgens;📿;Und bitte um Vergebung für deine Sünde und preise das Lob deines Herrn am Abend und am frühen Morgen.
40;56;1;1;1-6;Von wem spricht die Sure nach dem Trost an den Propheten ﷺ erneut?;Wieder geht es um die Streiter;🗣️;Gewiss, diejenigen, die über Allahs Zeichen streiten,
40;56;1;2;7-9;Haben diese Streitenden einen Beweis für ihren Streit erhalten?;Sie haben keinen Beweis erhalten;📭;ohne dass eine Ermächtigung zu ihnen gekommen wäre,
40;56;1;3;10-17;Warum streiten die Leugner eigentlich ohne jeden Beweis über Allahs Zeichen?;In ihnen ist nur unerreichbarer Hochmut;🦚;haben in ihren Brüsten nur Hochmut, den sie nicht verwirklichen können.
40;57;1;1;1-7;Wie wird dieser Hochmut der Streitenden zerschlagen?;Himmel und Erde sind größer als der Mensch;🌌;Wahrlich, die Erschaffung der Himmel und der Erde ist größer als die Erschaffung der Menschen.
40;57;1;2;8-12;Wissen die Menschen um diese Größe?;Doch die meisten Menschen wissen es nicht;🤷;Aber die meisten Menschen wissen nicht.
40;58;1;1;1-4;Sind der, der diese Größe erkennt, und der, der sie nicht erkennt, gleich?;Blinder und Sehender sind nicht gleich;🦯;Nicht gleich sind der Blinde und der Sehende,
40;58;1;2;5-10;Welche zwei Menschengruppen sind ebenso ungleich?;Ebenso wenig Gläubige und Missetäter;🆚;und auch nicht diejenigen, die glauben und rechtschaffene Werke tun, und der Missetäter.
40;59;1;1;1-6;Was folgt für die Auferstehung daraus, dass Allah das Größere, Himmel und Erde, erschaffen hat?;Die Stunde kommt gewiss, ohne Zweifel;⏳;Gewiss, die Stunde kommt bestimmt, an ihr gibt es keinen Zweifel.
40;59;1;2;7-11;Glauben die Menschen an das sichere Kommen der Stunde?;Doch die meisten Menschen glauben nicht;🙅;Aber die meisten Menschen glauben nicht.
40;60;2;1;6-10;Wer will Ihn trotz Seiner Zusage nicht anrufen?;Manche verweigern hochmütig Seinen Dienst;🦚;Gewiss, diejenigen, die sich aus Hochmut weigern, Mir zu dienen,
40;60;2;2;11-13;Und was geschieht mit dem, der Ihn aus Hochmut nicht anrufen will?;Sie gehen erniedrigt in die Hölle;🔥;werden demütig in die Hölle eingehen.
40;66;1;1;1-5;Was soll der Prophet ﷺ den Götzendienern deshalb klar sagen?;Sag: Mir ist dieser Dienst verboten;🛑;Sag: Mir ist es untersagt worden, zu dienen
40;66;1;2;6-10;Wem zu dienen ist ihm untersagt?;Den Götzen, die sie neben Allah anrufen;🪨;denjenigen, die ihr anstatt Allahs anruft,
40;66;1;3;11-15;Seit wann gilt dieses Verbot für ihn?;Klare Beweise seines Herrn liegen ihm vor;📜;nachdem zu mir die klaren Beweise von meinem Herrn gekommen sind,
40;66;1;4;16-18;Was ist ihm stattdessen befohlen?;Ihm ist Hingabe befohlen;🕋;und mir ist befohlen worden, mich zu unterwerfen
40;66;1;5;19-20;Wem soll er sich unterwerfen?;Er ergibt sich dem Herrn der Welten;🪐;dem Herrn der Weltenbewohner.
40;77;2;1;6-10;Muss der Prophet ﷺ die Strafe der Leugner noch selbst erleben?;Vielleicht sieht er einen Teil ihrer Strafe;⚡;Ob Wir dir nun einen Teil von dem zeigen, was Wir ihnen androhen,
40;77;2;2;11-12;Was ist die andere Möglichkeit, statt dass er ihre Strafe sieht?;Oder Allah beruft ihn vorher ab;🕯️;oder dich vorher abberufen,
40;77;2;3;13-14;Was gilt in beiden Fällen für die Leugner?;So oder so kehren sie zu Allah zurück;↩️;zu Uns werden sie zurückgebracht.
40;78;1;1;1-5;Ging es früheren Gesandten genauso?;Schon vor ihm sendet Allah Gesandte;📨;Und Wir sandten ja bereits Gesandte vor dir.
40;78;1;2;6-9;Von welchen früheren Gesandten weiß der Prophet ﷺ aus der Offenbarung?;Von manchen erzählt Allah ihm;📖;unter ihnen sind manche, von denen Wir dir berichtet haben,
40;78;1;3;10-14;Und von welchen Gesandten hat Allah ihm nichts erzählt?;Von anderen erfährt er nichts;❔;und unter ihnen sind manche, von denen Wir dir nicht berichtet haben.
40;80;1;1;1-3;Welchen Nutzen haben die Menschen noch von diesem Vieh?;Das Vieh bringt euch vielerlei Nutzen;🥛;Und ihr habt an ihm (allerlei) Nutzen,
40;80;1;2;4-8;Was erreichen die Menschen auf dem Rücken des Viehs?;Auf ihm erreicht ihr eure Ziele;🎯;und damit ihr darauf ein Anliegen erreicht, das in euren Brüsten ist,
40;80;1;3;9-12;Worauf werdet ihr außer auf dem Vieh noch getragen?;Vieh und Schiffe tragen euch;🚢;und auf ihm und auf den Schiffen werdet ihr getragen.
40;83;1;1;1-4;Was erlebten diese Völker, bevor sie ihre Gesandten ablehnten?;Gesandte kommen mit klaren Beweisen;📜;Als ihre Gesandten mit den klaren Beweisen zu ihnen kamen,
40;83;1;2;5-9;Warum lehnten diese Völker ihre Gesandten dennoch ab?;Sie prahlen mit ihrem eigenen Wissen;📚;frohlockten sie über das Wissen, das sie hatten,
40;83;1;3;10-15;Was traf diese Völker am Ende?;Das Verspottete umschließt sie;🪃;aber es umschloss sie das, worüber sie sich lustig zu machen pflegten.
40;84;1;1;1-3;Wann änderten diese Spötter plötzlich ihre Haltung?;Dann sehen sie Allahs Strenge;⚡;Als sie dann Unsere Strenge sahen,
40;84;1;2;4-12;Was sagten sie, als Allahs Strenge dann vor ihren Augen stand?;Nun glauben sie an Allah allein;☝️;sagten sie: Wir glauben an Allah allein und verleugnen das, was wir Ihm beizugesellen pflegten.
