Sura;Vers;Fragment;Stichpunkt;Emoji
40;1;1;Die Sure beginnt mit Ḥā-Mīm;🔤
40;2;1;Das Buch kommt von Allah, dem Mächtigen;📖
40;3;1;Er vergibt Sünden und straft hart;⚖️
40;3;2;Es gibt keinen Gott außer Ihm;☝️
40;3;3;Zu Ihm kehren alle zurück;↩️
40;4;1;Nur Ungläubige streiten über Allahs Zeichen;🗣️
40;4;2;Ihr Umherziehen im Land soll dich nicht täuschen;🌍
40;5;1;Schon Nūḥs Volk und spätere Gruppen leugnen;⛵
40;5;2;Jedes Volk will sich seines Gesandten bemächtigen;⚔️
40;5;3;Sie streiten mit Falschem, da ergreift Er sie;🤥
40;5;4;So hart trifft sie Seine Strafe;⚡
40;6;1;Allahs Wort: Die Leugner gehören ins Feuer;🔥
40;7;1;Die Thronträger lobpreisen und bitten für die Gläubigen;👑
40;7;2;Deine Gnade umfasst alles, vergib den Reuigen;🤲
40;7;3;Bewahre sie vor der Höllenstrafe;🛡️
40;8;1;Führe sie mit frommen Angehörigen in die Gärten;🌳
40;8;2;Denn Du bist der Mächtige, der Weise;🏰
40;9;1;Schütze sie vor den bösen Taten;🛡️
40;9;2;Wen Du dann bewahrst, dem gilt Dein Erbarmen;🤍
40;9;3;Das ist der gewaltige Erfolg;🏆
40;10;1;Leugnern wird zugerufen: Allahs Abscheu ist größer;📢
40;11;1;Sie bekennen ihre Sünden und suchen einen Ausweg;🚪
40;12;1;Wird Allah allein angerufen, leugnen sie;❌
40;12;2;Werden Ihm Partner beigesellt, glauben sie;🪨
40;12;3;Das Urteil gehört Allah, dem Erhabenen;⚖️
40;13;1;Er zeigt Zeichen und sendet Versorgung herab;🌧️
40;13;2;Nur wer umkehrt, lässt sich ermahnen;↩️
40;14;1;Ruft Ihn aufrichtig an, trotz der Leugner;🤲
40;15;1;Seine Offenbarung warnt vor dem Tag der Begegnung;📜
40;16;1;An jenem Tag treten alle hervor;👥
40;16;2;Nichts bleibt Allah verborgen;🔍
40;16;3;Wem gehört heute die Herrschaft;👑
40;16;4;Allah gehört sie, dem Einen, dem Bezwinger;☝️
40;17;1;Jede Seele bekommt heute, was sie verdient;⚖️
40;17;2;Heute geschieht keinerlei Unrecht;🚫
40;17;3;Allah rechnet blitzschnell ab;⏱️
40;18;1;Warne vor dem nahen Tag voller Angst;⚠️
40;18;2;Ungerechte haben keinen Freund und Fürsprecher;👤
40;19;1;Er kennt verräterische Blicke und geheime Gedanken;👀
40;20;1;Allah entscheidet nach der Wahrheit;✅
40;20;2;Ihre Götzen können nichts entscheiden;🪨
40;20;3;Er hört und sieht alles;📡
40;21;1;Sie sollen reisen und das Ende Früherer sehen;🗺️
40;21;2;Die Stärkeren ergreift Allah für ihre Sünden;🏛️
40;22;1;Gesandte bringen Beweise, doch sie leugnen;📜
40;22;2;Er ist stark und streng im Strafen;💥
40;23;1;Allah sendet Mūsā mit Zeichen und Vollmacht;🌊
40;24;1;Firʿawn, Hāmān, Qārūn nennen ihn lügnerischen Zauberer;🪄
40;25;1;Sie befehlen: Tötet die Söhne der Gläubigen;⚔️
40;25;2;Doch die List der Leugner geht verloren;🕸️
40;26;1;Firʿawn will Mūsā selbst töten;🗡️
40;26;2;Vorwand: Mūsā ändere Religion und stifte Unheil;🎭
40;27;1;Mūsā sucht Zuflucht vor jedem Hochmütigen;🛡️
40;28;1;Ein heimlich Gläubiger verteidigt Mūsā;🤫
40;28;2;Lügt er, schadet es nur ihm selbst;🤥
40;28;3;Ist er ehrlich, trifft euch seine Drohung;⚡
40;28;4;Allah leitet keinen maßlosen Lügner;🚫
40;29;1;Heute herrscht ihr, doch wer schützt vor Allah;👑
40;29;2;Firʿawn: Ich zeige euch nur den rechten Weg;🗣️
40;30;1;Der Gläubige warnt vor dem Tag der Gruppierungen;⚠️
40;31;1;Wie es Nūḥs Volk, ʿĀd und Ṯamūd erging;🏚️
40;31;2;Allah will Seinen Dienern kein Unrecht;⚖️
40;32;1;Er fürchtet für sie den Tag des Rufens;📢
40;33;1;Sie fliehen, doch keiner schützt sie vor Allah;🏃
40;33;2;Wen Allah irregehen lässt, leitet niemand;🌫️
40;34;1;Schon Yūsuf bringt Beweise, doch sie zweifeln;🤔
40;34;2;Nach seinem Tod sagen sie: Kein Gesandter mehr;🔚
40;34;3;So lässt Allah Maßlose und Zweifler irregehen;🌫️
40;35;1;Sie streiten über Zeichen ohne jeden Beweis;🗣️
40;35;2;Allah und die Gläubigen verabscheuen das zutiefst;💢
40;35;3;Allah versiegelt jedes hochmütige Herz;🔒
40;36;1;Firʿawn befiehlt Hāmān, einen Turm zu bauen;🏗️
40;37;1;Er will durch die Himmel zu Mūsās Gott;🌌
40;37;2;Firʿawn erscheint sein böses Tun schön;🎀
40;37;3;Doch Firʿawns List geht zugrunde;🕸️
40;38;1;Der Gläubige: Folgt mir zum rechten Weg;🧭
40;39;1;Das Diesseits vergeht, das Jenseits bleibt;⏳
40;40;1;Böses wird nur mit Gleichem vergolten;⚖️
40;40;2;Gläubige, die Gutes tun, kommen ins Paradies;🌴
40;41;1;Der Gläubige ruft zur Rettung, sie zum Feuer;📢
40;42;1;Sie locken ihn zu Unglauben und Götzendienst;❌
40;42;2;Er ruft sie zum Mächtigen, Allvergebenden;🤲
40;43;1;Ihre Götzen gelten nichts, hier wie dort;🪨
40;43;2;Unsere Rückkehr führt zu Allah;↩️
40;43;3;Die Maßlosen gehören ins Feuer;🔥
40;44;1;Ihr werdet euch an meine Worte erinnern;💭
40;44;2;Er überlässt seine Sache ganz Allah;🙏
40;44;3;Allah sieht Seine Diener genau;🔍
40;45;1;Allah bewahrt ihn vor ihren Ränken;🛡️
40;45;2;Schlimme Strafe umringt Firʿawns Sippe;🌊
40;46;1;Morgens und abends werden sie dem Feuer vorgeführt;🌅
40;46;2;Zur Stunde: Hinein in die härteste Strafe;🌋
40;47;1;Im Feuer streiten die Mitläufer mit den Hochmütigen;👣
40;47;2;Nehmt ihr uns einen Teil des Feuers ab;❓
40;48;1;Die Hochmütigen: Wir sind alle darin;⛓️
40;48;2;Allah hat zwischen den Dienern gerichtet;⚖️
40;49;1;Sie bitten die Wärter um einen Tag Erleichterung;📅
40;50;1;Die Wärter fragen: Kamen keine Gesandten zu euch;❓
40;50;2;Sie gestehen: Doch, sie kamen;✅
40;50;3;Die Wärter: So ruft doch selbst;📢
40;50;4;Das Rufen der Leugner verhallt wirkungslos;🔇
40;51;1;Allah hilft Gesandten und Gläubigen, hier und dort;🏆
40;52;1;Den Ungerechten nützt keine Ausrede;🚫
40;52;2;Sie trifft der Fluch und die böse Bleibe;🔥
40;53;1;Mūsā wird geleitet, Isrāʾīls Kinder erben die Schrift;📜
40;54;1;Sie leitet und mahnt die Verständigen;💡
40;55;1;Sei geduldig, bitte um Vergebung, preise Ihn;📿
40;56;1;Wer ohne Beweis streitet, hat nur Hochmut;🦚
40;56;2;Nimm deshalb Zuflucht bei Allah;🛡️
40;56;3;Denn Er hört und sieht alles;📡
40;57;1;Himmel und Erde sind größer als der Mensch;🌌
40;58;1;Blinder und Sehender sind nicht gleich;🦯
40;58;2;Wie wenig ihr doch bedenkt;💭
40;59;1;Die Stunde kommt gewiss, doch viele glauben nicht;⏳
40;60;1;Euer Herr: Ruft Mich an, Ich erhöre euch;🤲
40;60;2;Hochmütige gehen erniedrigt in die Hölle;🔥
40;61;1;Allah gibt Nacht zur Ruhe, Tag zum Sehen;🌙
40;61;2;Allah ist gütig, doch die meisten danken nicht;🎁
40;62;1;Der Schöpfer von allem ist der einzige Gott;☝️
40;62;2;Wie lasst ihr euch nur abbringen;❓
40;63;1;So ergeht es allen Leugnern der Zeichen;🙈
40;64;1;Er schenkt Erde, Himmel, schöne Gestalt, Versorgung;🌍
40;64;2;Das ist Allah, euer Herr;👑
40;64;3;Gesegnet ist Allah, der Herr der Welten;✨
40;65;1;Er ist der Lebendige: Ruft Ihn aufrichtig an;♾️
40;65;2;Alles Lob gebührt Allah;🤍
40;66;1;Sag: Götzendienst ist mir verboten, ich ergebe mich;🛑
40;67;1;Er erschafft euch aus Erde bis zum Greis;🌱
40;67;2;Manche sterben schon vorher;⚰️
40;67;3;Ihr erreicht eure Frist und sollt begreifen;⏳
40;68;1;Er macht lebendig und lässt sterben;🔄
40;68;2;Er spricht nur: Sei, und es ist;✨
40;69;1;Sieh, wie die Streiter sich abwenden lassen;🗣️
40;70;1;Sie leugnen das Buch und die Gesandten;📖
40;70;2;Bald werden sie es erfahren;⚠️
40;71;1;Mit Fesseln am Hals werden sie gezerrt;⛓️
40;72;1;Ins siedende Wasser, dann ins Feuer;🔥
40;73;1;Man fragt sie: Wo sind eure Teilhaber;❓
40;74;1;Gemeint sind Götzen anstatt Allahs;🪨
40;74;2;Sie sagen: Verschwunden, wir riefen ja nichts an;💨
40;74;3;So lässt Allah die Ungläubigen irregehen;🌫️
40;75;1;Grund ist ihr Jubel und Übermut ohne Recht;🎉
40;76;1;Tretet für immer durch die Höllentore;🚪
40;76;2;Schlimm ist die Bleibe der Hochmütigen;🦚
40;77;1;Sei standhaft, Allahs Versprechen ist wahr;⚓
40;77;2;Erlebst du es oder nicht: Sie kehren zurück;↩️
40;78;1;Allah nennt dir nur einige der früheren Gesandten;📜
40;78;2;Kein Gesandter bringt Zeichen ohne Allahs Erlaubnis;🔑
40;78;3;Kommt Sein Befehl, wird gerecht entschieden;⚖️
40;79;1;Allah schenkt euch Vieh zum Reiten und Essen;🐪
40;80;1;Vieh und Schiffe tragen euch zu euren Zielen;🚢
40;81;1;Er zeigt Zeichen: Welche wollt ihr leugnen;🌌
40;82;1;Sie sollen reisen und das Ende Früherer sehen;🗺️
40;82;2;Ihre Macht und Spuren nützen ihnen nichts;🏛️
40;83;1;Sie prahlen mit Wissen, das Verspottete ereilt sie;📚
40;84;1;Angesichts der Strafe glauben sie an Allah allein;⚡
40;85;1;Doch dieser späte Glaube nützt nichts mehr;⌛
40;85;2;So verfährt Allah seit jeher mit Seinen Dienern;🔁
40;85;3;Dort sind die Ungläubigen verloren;🥀
