Sura;Vers;Frage;Richtig;Deutsch;Falsch 1;Deutsch 1;Falsch 2;Deutsch 2;Falsch 3;Deutsch 3
40;1;Mit welchen Buchstaben beginnt die Sure Ghāfir?;حمٓ;Ḥā-Mīm;الٓمٓ;Alif-Lām-Mīm;طسٓ;Ṭā-Sīn;يسٓ;Yā-Sīn
40;2;Was wird laut Vers 2 von Allah herabgesandt?;ٱلۡكِتَٰبِ;das Buch;ٱلۡحَدِيدِ;das Eisen;ٱلۡمَآءِ;das Wasser;ٱلۡمَلَٰٓئِكَةِ;die Engel
40;2;Welcher Name Allahs folgt in Vers 2 direkt auf al-ʿAzīz (den Allmächtigen)?;ٱلۡعَلِيمِ;der Allwissende;ٱلۡحَكِيمِ;der Allweise;ٱلرَّحِيمِ;der Barmherzige;ٱلۡغَفُورِ;der Allvergebende
40;3;Welcher Beiname Allahs in Vers 3 (Vergebender der Sünde) gab der Sure ihren Namen?;غَافِرِ ٱلذَّنۢبِ;Vergebender der Sünde;سَرِيعِ ٱلۡحِسَابِ;schnell im Abrechnen;رَفِيعِ ٱلدَّرَجَٰتِ;hoch an Rangstufen;ذِي ٱلۡعَرۡشِ;Herr des Thrones
40;3;Was nimmt Allah laut Vers 3 an?;ٱلتَّوۡبِ;die Reue;ٱلۡفِدۡيَةِ;das Lösegeld;ٱلشَّفَٰعَةِ;die Fürsprache;ٱلۡمَعۡذِرَةِ;die Ausrede
40;4;Wer streitet laut Vers 4 über die Zeichen Allahs?;ٱلَّذِينَ كَفَرُواْ;die Ungläubigen;ٱلَّذِينَ ءَامَنُواْ;die Gläubigen;ٱلۡمَلَٰٓئِكَةُ;die Engel;ٱلرُّسُلُ;die Gesandten
40;4;Was soll den Propheten laut Vers 4 nicht täuschen?;تَقَلُّبُهُمۡ فِي ٱلۡبِلَٰدِ;ihr Umherziehen im Land;كَثۡرَةُ أَمۡوَٰلِهِمۡ;ihr vieler Besitz;قُوَّةُ جُنُودِهِمۡ;die Stärke ihrer Heere;جَمَالُ بُيُوتِهِمۡ;die Schönheit ihrer Häuser
40;5;Welcher Prophet wird als erstes historisches Beispiel für ein Volk genannt, das die Botschaft verleugnete?;نُوح;Nūḥ;هُود;Hūd;صَالِح;Ṣāliḥ;لُوط;Lūṭ
40;5;Womit stritten die früheren Völker laut Vers 5, um die Wahrheit zu widerlegen?;بِٱلۡبَٰطِلِ;mit dem Falschen;بِٱلۡعِلۡمِ;mit Wissen;بِٱلۡبُرۡهَٰنِ;mit dem Beweis;بِٱلسَّيۡفِ;mit dem Schwert
40;6;Als was werden die Ungläubigen in Vers 6 bezeichnet?;أَصۡحَٰبُ ٱلنَّارِ;Gefährten des Feuers;أَصۡحَٰبُ ٱلۡجَنَّةِ;Gefährten des Paradieses;أَصۡحَٰبُ ٱلۡكَهۡفِ;Leute der Höhle;أَصۡحَٰبُ ٱلۡأَعۡرَافِ;Leute der Höhen
40;6;Was hat sich laut Vers 6 gegen die Ungläubigen bewahrheitet?;كَلِمَتُ رَبِّكَ;das Wort deines Herrn;وَعۡدُ ٱلشَّيۡطَٰنِ;das Versprechen des Satans;قَوۡلُ ٱلۡكَهَنَةِ;das Wort der Wahrsager;ظَنُّ ٱلنَّاسِ;die Vermutung der Menschen
40;7;Was tragen die Engel laut Vers 7?;ٱلۡعَرۡشَ;den Thron;ٱلسَّمَآءَ;den Himmel;ٱلۡجِبَالَ;die Berge;ٱلۡكُرۡسِيَّ;den Schemel
40;7;Was umfasst Allah laut dem Gebet der Engel in Vers 7 neben dem Wissen in allem?;رَحۡمَةً;Barmherzigkeit;غَضَبًا;Zorn;مُلۡكًا;Herrschaft;قُوَّةً;Kraft
40;7;Wovor sollen die reuigen Gläubigen laut der Bitte der Engel in Vers 7 bewahrt werden?;عَذَابَ ٱلۡجَحِيمِ;Strafe des Höllenbrandes;فِتۡنَةَ ٱلدُّنۡيَا;Versuchung des Diesseits;ضِيقَ ٱلرِّزۡقِ;Enge der Versorgung;كَيۡدَ ٱلۡعَدُوِّ;List des Feindes
40;8;In welche Gärten sollen die Gläubigen laut der Bitte der Engel in Vers 8 eingehen?;جَنَّٰتِ عَدۡنٍ;Gärten von ʿAdn;جَنَّٰتِ ٱلنَّعِيمِ;Gärten der Wonne;جَنَّةِ ٱلۡمَأۡوَىٰ;Garten der Zuflucht;جَنَّٰتِ ٱلۡفِرۡدَوۡسِ;Gärten des Firdaus
40;8;Mit welchen zwei Namen Allahs begründen die Engel ihre Bitte in Vers 8?;ٱلۡعَزِيزُ ٱلۡحَكِيمُ;der Allmächtige, der Allweise;ٱلۡغَفُورُ ٱلرَّحِيمُ;der Allvergebende, der Barmherzige;ٱلسَّمِيعُ ٱلۡعَلِيمُ;der Allhörende, der Allwissende;ٱللَّطِيفُ ٱلۡخَبِيرُ;der Feinfühlige, der Kundige
40;9;Wie wird diese Bewahrung am Ende von Vers 9 genannt?;ٱلۡفَوۡزُ ٱلۡعَظِيمُ;der großartige Erfolg;ٱلۡخُسۡرَانُ ٱلۡمُبِينُ;der deutliche Verlust;ٱلۡعَذَابُ ٱلۡأَلِيمُ;die schmerzhafte Strafe;ٱلۡمَتَٰعُ ٱلۡقَلِيلُ;der geringe Genuss
40;10;Wozu wurden die Ungläubigen laut Vers 10 im Diesseits aufgerufen?;ٱلۡإِيمَٰنِ;zum Glauben;ٱلۡقِتَالِ;zum Kampf;ٱلتِّجَٰرَةِ;zum Handel;ٱلسَّفَرِ;zur Reise
40;10;Was ist laut Vers 10 größer als die Abscheu der Ungläubigen vor sich selbst?;مَقۡتُ ٱللَّهِ;Allahs Abscheu;رَحۡمَةُ ٱللَّهِ;Allahs Barmherzigkeit;عَفۡوُ ٱللَّهِ;Allahs Verzeihen;رِضۡوَٰنُ ٱللَّهِ;Allahs Wohlgefallen
40;11;Wie oft hat Allah die Ungläubigen laut Vers 11 sterben lassen und lebendig gemacht?;ٱثۡنَتَيۡنِ;zweimal;مَرَّةً وَاحِدَةً;einmal;ثَلَٰثًا;dreimal;أَرۡبَعًا;viermal
40;11;Was bekennen die Ungläubigen in Vers 11?;بِذُنُوبِنَا;unsere Sünden;بِحَسَنَٰتِنَا;unsere guten Taten;بِأَمۡوَٰلِنَا;unseren Besitz;بِءَالِهَتِنَا;unsere Götter
40;12;Was taten die Ungläubigen laut Vers 12, wenn Allah allein angerufen wurde?;كَفَرۡتُمۡ;ihr wart ungläubig;سَجَدۡتُمۡ;ihr warft euch nieder;شَكَرۡتُمۡ;ihr danktet;ٱسۡتَغۡفَرۡتُمۡ;ihr batet um Vergebung
40;12;Wem gehört laut Vers 12 das Urteil? Allah, dem …;ٱلۡعَلِيِّ ٱلۡكَبِيرِ;dem Erhabenen, dem Großen;ٱلۡغَنِيِّ ٱلۡحَمِيدِ;dem Reichen, dem Lobenswerten;ٱلۡحَيِّ ٱلۡقَيُّومِ;dem Lebendigen, dem Beständigen;ٱلۡوَاسِعِ ٱلۡعَلِيمِ;dem Umfassenden, dem Allwissenden
40;13;Was sendet Allah laut Vers 13 vom Himmel herab?;رِزۡقًا;Versorgung;حِجَارَةً;Steine;نَارًا;Feuer;عَذَابًا;Strafe
40;13;Wer bedenkt laut Vers 13 die Zeichen Allahs?;مَن يُنِيبُ;wer sich reuevoll zuwendet;مَن يَسۡتَكۡبِرُ;wer hochmütig ist;مَن يُجَٰدِلُ;wer streitet;مَن يَكۡفُرُ;wer ungläubig ist
40;14;Wie sollen die Gläubigen Allah laut Vers 14 anrufen?;مُخۡلِصِينَ لَهُ ٱلدِّينَ;aufrichtig in der Religion;مُشۡرِكِينَ بِهِۦ;Ihm beigesellend;مُرَآءِينَ لِلنَّاسِ;vor den Leuten prahlend;غَافِلِينَ عَنۡهُ;achtlos gegenüber Ihm
40;14;Wem ist es laut Vers 14 zuwider, dass man Allah aufrichtig anruft?;ٱلۡكَٰفِرُونَ;die Ungläubigen;ٱلۡمُؤۡمِنُونَ;die Gläubigen;ٱلۡمَلَٰٓئِكَةُ;die Engel;ٱلنَّبِيُّونَ;die Propheten
40;15;Welcher Beiname Allahs eröffnet Vers 15?;رَفِيعُ ٱلدَّرَجَٰتِ;hoch an Rangstufen;سَرِيعُ ٱلۡحِسَابِ;schnell im Abrechnen;غَافِرُ ٱلذَّنۢبِ;Vergebender der Sünde;قَابِلُ ٱلتَّوۡبِ;Annehmender der Reue
40;15;Was gibt Allah laut Vers 15 von Seinem Befehl, wem von Seinen Dienern Er will?;ٱلرُّوحَ;den Geist;ٱلۡمَالَ;das Vermögen;ٱلۡمُلۡكَ;die Herrschaft;ٱلۡوَلَدَ;das Kind
40;16;Welche Frage wird in Vers 16 an jenem Tag gestellt?;لِّمَنِ ٱلۡمُلۡكُ ٱلۡيَوۡمَ;Wem gehört heute die Herrschaft?;أَيۡنَ ٱلۡمَفَرُّ;Wohin kann man fliehen?;أَلَسۡتُ بِرَبِّكُمۡ;Bin Ich nicht euer Herr?;مَنۡ خَلَقَ ٱلسَّمَٰوَٰتِ;Wer schuf die Himmel?
40;16;Mit welchen zwei Namen Allahs wird die Frage in Vers 16 beantwortet?;ٱلۡوَٰحِدِ ٱلۡقَهَّارِ;dem Einen, dem Allbezwinger;ٱلۡحَيِّ ٱلۡقَيُّومِ;dem Lebendigen, dem Beständigen;ٱلۡمَلِكِ ٱلۡقُدُّوسِ;dem König, dem Heiligen;ٱلۡغَفُورِ ٱلۡوَدُودِ;dem Vergebenden, dem Liebevollen
40;17;Was gibt es laut Vers 17 am Tag der Vergeltung nicht?;ظُلۡمَ;Unrecht;حِسَابَ;Abrechnung;جَزَآءَ;Vergeltung;عَدۡلَ;Gerechtigkeit
40;18;Wie heißt der Tag, vor dem in Vers 18 gewarnt wird?;يَوۡمَ ٱلۡأٓزِفَةِ;Tag des Herannahenden;يَوۡمَ ٱلۡفُرۡقَانِ;Tag der Unterscheidung;يَوۡمَ حُنَيۡنٍ;Tag von Ḥunain;يَوۡمَ ٱلزِّينَةِ;Tag des Festschmucks
40;18;Wo sitzen die Herzen laut Vers 18 an jenem Tag?;لَدَى ٱلۡحَنَاجِرِ;in den Kehlen;تَحۡتَ ٱلۡأَقۡدَامِ;unter den Füßen;فِي ٱلۡأَيۡدِي;in den Händen;فَوۡقَ ٱلرُّءُوسِ;über den Köpfen
40;19;Was ist laut Vers 19 verräterisch, ohne dass es Allah entgeht?;خَآئِنَةَ ٱلۡأَعۡيُنِ;der Verrat der Blicke;خَآئِنَةَ ٱلۡأَيۡدِي;der Verrat der Hände;خَآئِنَةَ ٱلۡأَلۡسِنَةِ;der Verrat der Zungen;خَآئِنَةَ ٱلۡأَقۡدَامِ;der Verrat der Füße
40;20;Wie entscheidet Allah laut Vers 20?;بِٱلۡحَقِّ;nach der Wahrheit;بِٱلۡهَوَىٰ;nach Neigung;بِٱلظَّنِّ;nach Vermutung;بِٱلۡقُرۡعَةِ;durch das Los
40;20;Mit welchen zwei Namen Allahs endet Vers 20?;ٱلسَّمِيعُ ٱلۡبَصِيرُ;der Allhörende, der Allsehende;ٱلۡعَلِيمُ ٱلۡحَكِيمُ;der Allwissende, der Allweise;ٱلۡغَفُورُ ٱلرَّحِيمُ;der Allvergebende, der Barmherzige;ٱلۡعَزِيزُ ٱلۡوَهَّابُ;der Allmächtige, der Schenkende
40;21;Worin waren die früheren Völker laut Vers 21 stärker als die Leugner?;قُوَّةً وَءَاثَارًا;an Kraft und Spuren;إِيمَٰنًا وَتَقۡوَىٰ;an Glauben und Gottesfurcht;صَبۡرًا وَشُكۡرًا;an Geduld und Dank;هُدًى وَرَحۡمَةً;an Rechtleitung und Barmherzigkeit
40;21;Wofür ergriff Allah die früheren Völker laut Vers 21?;بِذُنُوبِهِمۡ;für ihre Sünden;بِفَقۡرِهِمۡ;für ihre Armut;بِضَعۡفِهِمۡ;für ihre Schwäche;بِقِلَّتِهِمۡ;für ihre geringe Zahl
40;22;Womit kamen die Gesandten laut Vers 22 zu den früheren Völkern?;بِٱلۡبَيِّنَٰتِ;mit den klaren Beweisen;بِٱلسُّيُوفِ;mit Schwertern;بِٱلۡأَمۡوَٰلِ;mit Reichtümern;بِٱلۡجُنُودِ;mit Heeren
40;22;Wie wird Allah am Ende von Vers 22 beschrieben?;قَوِيࣱّ شَدِيدُ ٱلۡعِقَابِ;stark, streng im Bestrafen;غَفُورٌ رَّحِيمٌ;vergebend, barmherzig;عَلِيمٌ حَكِيمٌ;allwissend, allweise;سَمِيعٌ بَصِيرٌ;allhörend, allsehend
40;23;Wen sandte Allah laut Vers 23 mit Seinen Zeichen und einer deutlichen Ermächtigung?;مُوسَىٰ;Mūsā;عِيسَىٰ;ʿĪsā;إِبۡرَٰهِيمَ;Ibrāhīm;دَاوُۥدَ;Dāwūd
40;23;Womit wurde Mūsā laut Vers 23 neben Allahs Zeichen gesandt?;سُلۡطَٰنࣲ مُّبِينٍ;deutliche Ermächtigung;جُنُودٍ كَثِيرَةٍ;viele Soldaten;مَالٍ عَظِيمٍ;großes Vermögen;سِحۡرٍ عَظِيمٍ;gewaltige Zauberei
40;24;Zu Pharao, Hāmān und wem wurde Mūsā laut Vers 24 gesandt?;قَٰرُونَ;Qārūn;جَالُوتَ;Ǧālūt (Goliath);ءَازَرَ;Āzar;أَبِي لَهَبٍ;Abū Lahab
40;24;Wie nannten Pharao, Hāmān und Qārūn Mūsā laut Vers 24?;سَٰحِرࣱ كَذَّابࣱ;ein verlogener Zauberer;نَبِيٌّ صَادِقٌ;ein wahrhaftiger Prophet;رَجُلٌ رَّشِيدٌ;ein besonnener Mann;مَلَكٌ كَرِيمٌ;ein edler Engel
40;25;Was befahlen sie laut Vers 25 mit den Söhnen derer, die mit Mūsā glaubten?;ٱقۡتُلُوٓاْ;tötet sie;أَكۡرِمُواْ;ehrt sie;عَلِّمُواْ;unterrichtet sie;ٱسۡجُنُواْ;sperrt sie ein
40;25;Wie endet laut Vers 25 die List (Kaid) der Ungläubigen?;فِي ضَلَٰلࣲ;geht verloren;فِي نَصۡرٍ;im Sieg;فِي أَمۡنٍ;in Sicherheit;فِي رِبۡحٍ;im Gewinn
40;26;Wen wollte Pharao laut Vers 26 töten?;مُوسَىٰ;Mūsā;هَٰمَٰنَ;Hāmān;قَٰرُونَ;Qārūn;يُوسُفَ;Yūsuf
40;26;Was könnte Mūsā laut Pharaos Befürchtung in Vers 26 ändern?;دِينَكُمۡ;eure Religion;لُغَتَكُمۡ;eure Sprache;أَرۡضَكُمۡ;euer Land;أَمۡوَٰلَكُمۡ;euren Besitz
40;27;Bei wem nimmt Mūsā laut Vers 27 Zuflucht?;بِرَبِّي وَرَبِّكُم;bei meinem und eurem Herrn;بِفِرۡعَوۡنَ;bei Pharao;بِقَوۡمِي;bei meinem Volk;بِأَخِي;bei meinem Bruder
40;27;Vor wem nimmt Mūsā laut Vers 27 Zuflucht?;كُلِّ مُتَكَبِّرࣲ;jedem Hochmütigen;كُلِّ فَقِيرٍ;jedem Armen;كُلِّ صَادِقٍ;jedem Wahrhaftigen;كُلِّ ضَعِيفٍ;jedem Schwachen
40;28;Wer aus den Leuten Pharaos verheimlichte laut Vers 28 seinen Glauben?;رَجُلࣱ مُّؤۡمِنࣱ;ein gläubiger Mann;ٱمۡرَأَةٌ مُّؤۡمِنَةٌ;eine gläubige Frau;هَٰمَٰنُ;Hāmān;قَٰرُونُ;Qārūn
40;28;Wegen welcher Aussage wollte man Mūsā laut Vers 28 töten?;رَبِّيَ ٱللَّهُ;Mein Herr ist Allah;أَنَا رَبُّكُمُ ٱلۡأَعۡلَىٰ;Ich bin euer höchster Herr;أَنَا۠ خَيۡرٌ مِّنۡهُ;Ich bin besser als er;إِنِّي مَلَكٌ;Ich bin ein Engel
40;28;Wen leitet Allah laut Vers 28 nicht recht?;مُسۡرِفࣱ كَذَّابࣱ;maßlos und verlogen;صَابِرٌ شَكُورٌ;geduldig und dankbar;صَادِقٌ أَمِينٌ;wahrhaftig und vertrauenswürdig;تَائِبٌ مُّنِيبٌ;reuig und sich zuwendend
40;29;Was gehört den Leuten Pharaos laut Vers 29 heute?;ٱلۡمُلۡكُ;die Herrschaft;ٱلۡعِلۡمُ;das Wissen;ٱلۡإِيمَٰنُ;den Glauben;ٱلنُّبُوَّةُ;das Prophetentum
40;29;Vor wessen Strenge kann laut dem Gläubigen in Vers 29 niemand helfen?;بَأۡسِ ٱللَّهِ;Allahs Strenge;بَأۡسِ فِرۡعَوۡنَ;Pharaos Strenge;بَأۡسِ ٱلۡأَعۡدَآءِ;Strenge der Feinde;بَأۡسِ مُوسَىٰ;Mūsās Strenge
40;30;Einen Tag wie welchen fürchtet der Gläubige laut Vers 30 für sein Volk?;يَوۡمِ ٱلۡأَحۡزَابِ;Tag der Gruppierungen;يَوۡمِ ٱلۡفُرۡقَانِ;Tag der Unterscheidung;يَوۡمِ ٱلنَّصۡرِ;Tag des Sieges;يَوۡمِ ٱلۡحَصَادِ;Tag der Ernte
40;31;Welche zwei Völker nennt Vers 31 direkt nach dem Volk Nūḥs?;عَادࣲ وَثَمُودَ;ʿĀd und Ṯamūd;لُوطٍ وَمَدۡيَنَ;Lūṭ und Madyan;تُبَّعٍ وَسَبَإٍ;Tubbaʿ und Sabaʾ;ٱلۡأَيۡكَةِ وَٱلرَّسِّ;Dickicht und Rass
40;31;Was will Allah laut Vers 31 NICHT für Seine Diener?;ظُلۡمًا;Unrecht;خَيۡرًا;Gutes;رَحۡمَةً;Barmherzigkeit;هُدًى;Rechtleitung
40;32;Vor welchem Tag warnt der Gläubige in Vers 32?;يَوۡمَ ٱلتَّنَادِ;Tag des gegenseitigen Zurufens;يَوۡمَ ٱلسُّوقِ;Markttag;يَوۡمَ ٱلۡعِيدِ;Festtag;يَوۡمَ ٱلۡحَصَادِ;Erntetag
40;33;Was tun die Menschen laut Vers 33 an jenem Tag?;تُوَلُّونَ مُدۡبِرِينَ;ihr wendet euch fliehend ab;تَقِفُونَ صَابِرِينَ;ihr steht geduldig;تَسۡجُدُونَ خَاشِعِينَ;ihr werft euch demütig nieder;تَضۡحَكُونَ فَرِحِينَ;ihr lacht fröhlich
40;33;Wer hat laut Vers 33 niemanden, der ihn rechtleitet?;مَن يُضۡلِلِ ٱللَّهُ;wen Allah irregehen lässt;مَن يَهۡدِ ٱللَّهُ;wen Allah rechtleitet;مَن يَتُوبُ;wer bereut;مَن يُؤۡمِنُ;wer glaubt
40;34;Welcher Prophet kam laut Vers 34 schon zuvor mit klaren Beweisen zu den Leuten Pharaos?;يُوسُفُ;Yūsuf;يَعۡقُوبُ;Yaʿqūb;إِسۡحَٰقُ;Isḥāq;شُعَيۡبٌ;Šuʿaib
40;34;Was würde Allah nach Yūsufs Tod laut ihrer Behauptung in Vers 34 nicht mehr schicken?;رَسُولًا;einen Gesandten;مَلِكًا;einen König;وَزِيرًا;einen Minister;مَطَرًا;Regen
40;35;Wie streiten manche laut Vers 35 über Allahs Zeichen?;بِغَيۡرِ سُلۡطَٰنٍ;ohne Ermächtigung;بِعِلۡمٍ وَهُدًى;mit Wissen und Rechtleitung;بِكِتَٰبٍ مُّنِيرٍ;mit erleuchtendem Buch;بِبُرۡهَٰنٍ مُّبِينٍ;mit deutlichem Beweis
40;35;Wessen Herz versiegelt Allah laut Vers 35?;مُتَكَبِّرࣲ جَبَّارࣲ;hochmütig und gewalttätig;فَقِيرٍ مِسۡكِينٍ;arm und bedürftig;يَتِيمٍ صَغِيرٍ;kleine Waise;شَيۡخٍ كَبِيرٍ;alter Greis
40;36;Wen beauftragt Pharao laut Vers 36, ihm einen Hochsitz zu bauen?;هَٰمَٰنُ;Hāmān;قَٰرُونُ;Qārūn;ٱلسَّامِرِيُّ;as-Sāmirī;ٱلسَّحَرَةُ;die Zauberer
40;37;Zu wem will Pharao laut Vers 37 emporsteigen?;إِلَٰهِ مُوسَىٰ;dem Gott Mūsās;ٱلشَّمۡسِ;der Sonne;ٱلۡقَمَرِ;dem Mond;ٱلنُّجُومِ;den Sternen
40;37;Worin endet laut Vers 37 die List Pharaos?;فِي تَبَابࣲ;im Verlust;فِي نَجَاحٍ;im Gelingen;فِي ظَفَرٍ;im Triumph;فِي ٱرۡتِفَاعٍ;im Aufstieg
40;38;Wozu fordert der Gläubige sein Volk in Vers 38 auf?;ٱتَّبِعُونِ;folgt mir;ٱسۡمَعُونِ;hört mich an;ٱنصُرُونِ;helft mir;ٱتۡرُكُونِ;lasst mich
40;38;Auf welchen Weg will der Gläubige sein Volk laut Vers 38 leiten?;سَبِيلَ ٱلرَّشَادِ;Weg des rechten Handelns;سَبِيلَ ٱلۡغَيِّ;Weg der Verirrung;سَبِيلَ ٱلۡمُفۡسِدِينَ;Weg der Unheilstifter;سَبِيلَ ٱلۡمُلُوكِ;Weg der Könige
40;39;Was ist das diesseitige Leben laut Vers 39?;مَتَٰعࣱ;Nießbrauch;خُلُودٌ;Ewigkeit;جَزَآءٌ;Vergeltung;نَعِيمٌ دَآئِمٌ;dauernde Wonne
40;39;Wie wird das Jenseits in Vers 39 genannt?;دَارُ ٱلۡقَرَارِ;Wohnstätte des Bleibens;دَارُ ٱلۡغُرُورِ;Stätte der Täuschung;دَارُ ٱللَّهۡوِ;Stätte des Spiels;دَارُ ٱلسَّفَرِ;Stätte der Reise
40;40;Womit wird laut Vers 40 eine böse Tat vergolten?;مِثۡلَهَا;mit Gleichwertigem;ضِعۡفَيۡهَا;mit dem Doppelten;عَشۡرَ أَمۡثَالِهَا;mit dem Zehnfachen;أَضۡعَافًا كَثِيرَةً;um ein Vielfaches
40;40;Wie werden die Rechtschaffenen laut Vers 40 im Paradies versorgt?;بِغَيۡرِ حِسَابࣲ;ohne Abrechnung;بِقَدَرٍ مَّعۡلُومٍ;in bekanntem Maß;بِحِسَابٍ دَقِيقٍ;nach genauer Abrechnung;مَرَّةً فِي ٱلسَّنَةِ;einmal im Jahr
40;41;Wozu ruft der gläubige Mann sein Volk laut Vers 41?;ٱلنَّجَوٰةِ;zur Rettung;ٱلۡحَرۡبِ;zum Krieg;ٱلۡهِجۡرَةِ;zur Auswanderung;ٱلۡمَالِ;zum Reichtum
40;41;Wozu ruft das Volk Pharaos den gläubigen Mann laut Vers 41?;ٱلنَّارِ;zum Feuer;ٱلۡجَنَّةِ;zum Paradies;ٱلصَّلَوٰةِ;zum Gebet;ٱلصُّلۡحِ;zum Frieden
40;42;Wozu ruft das Volk den gläubigen Mann laut Vers 42 auf?;لِأَكۡفُرَ بِٱللَّهِ;Allah zu verleugnen;لِأُؤۡمِنَ بِٱللَّهِ;an Allah zu glauben;لِأَعۡبُدَ ٱللَّهَ;Allah zu dienen;لِأَشۡكُرَ ٱللَّهَ;Allah zu danken
40;42;Zu wem ruft der gläubige Mann sein Volk laut Vers 42?;ٱلۡعَزِيزِ ٱلۡغَفَّٰرِ;zum Allmächtigen, Allvergebenden;ٱلسَّمِيعِ ٱلۡعَلِيمِ;zum Allhörenden, Allwissenden;ٱللَّطِيفِ ٱلۡخَبِيرِ;zum Feinfühligen, Kundigen;ٱلۡغَنِيِّ ٱلۡحَمِيدِ;zum Reichen, Lobenswerten
40;43;Wohin führt laut Vers 43 unsere Rückkehr?;إِلَى ٱللَّهِ;zu Allah;إِلَى ٱلتُّرَابِ;zum Staub;إِلَىٰ فِرۡعَوۡنَ;zu Pharao;إِلَى ٱلۡأَصۡنَامِ;zu den Götzen
40;43;Wer sind laut Vers 43 die Gefährten des Feuers?;ٱلۡمُسۡرِفِينَ;die Maßlosen;ٱلصَّٰبِرِينَ;die Geduldigen;ٱلۡمُتَّقِينَ;die Gottesfürchtigen;ٱلتَّٰٓئِبِينَ;die Reuigen
40;44;Wem überlässt der gläubige Mann laut Vers 44 seine Angelegenheit?;إِلَى ٱللَّهِ;Allah;إِلَىٰ فِرۡعَوۡنَ;Pharao;إِلَىٰ قَوۡمِي;meinem Volk;إِلَىٰ هَٰمَٰنَ;Hāmān
40;44;Mit welcher Eigenschaft Allahs begründet der Gläubige in Vers 44 sein Gottvertrauen?;بَصِيرُۢ بِٱلۡعِبَادِ;sieht die Diener wohl;شَدِيدُ ٱلۡعِقَابِ;streng im Bestrafen;سَرِيعُ ٱلۡحِسَابِ;schnell im Abrechnen;غَنِيٌّ عَنِ ٱلۡعَٰلَمِينَ;unabhängig von den Welten
40;45;Wen umringte laut Vers 45 die schlimme Strafe?;ءَالِ فِرۡعَوۡنَ;die Sippe Pharaos;ءَالِ مُوسَىٰ;die Sippe Mūsās;ءَالِ يَعۡقُوبَ;die Sippe Yaʿqūbs;ءَالِ إِبۡرَٰهِيمَ;die Sippe Ibrāhīms
40;46;Wann wird die Sippe Pharaos laut Vers 46 dem Feuer vorgeführt?;غُدُوࣰّا وَعَشِيࣰّا;morgens und abends;مَرَّةً فِي ٱلسَّنَةِ;einmal im Jahr;يَوۡمَ ٱلۡجُمُعَةِ;am Freitag;عِندَ ٱلظُّهۡرِ;zur Mittagszeit
40;46;Was soll die Sippe Pharaos laut Vers 46 erleiden, wenn die Stunde kommt?;أَشَدَّ ٱلۡعَذَابِ;die strengste Strafe;أَخَفَّ ٱلۡعَذَابِ;die leichteste Strafe;نِصۡفَ ٱلۡعَذَابِ;die halbe Strafe;ٱلۡعَفۡوَ;die Verzeihung
40;47;Wer spricht laut Vers 47 im Feuer zu den Hochmütigen?;ٱلضُّعَفَٰٓؤُاْ;die Schwachen;ٱلۡمَلَٰٓئِكَةُ;die Engel;ٱلرُّسُلُ;die Gesandten;ٱلۡمُؤۡمِنُونَ;die Gläubigen
40;48;Was hat Allah laut Vers 48 bereits getan?;حَكَمَ بَيۡنَ ٱلۡعِبَادِ;zwischen den Dienern gerichtet;عَفَا عَنِ ٱلۡعِبَادِ;den Dienern verziehen;خَفَّفَ عَنِ ٱلۡعِبَادِ;den Dienern erleichtert;أَخۡرَجَ ٱلۡعِبَادَ;die Diener herausgeholt
40;49;An wen wenden sich die Leute im Feuer laut Vers 49?;خَزَنَةِ جَهَنَّمَ;die Wärter der Hölle;أَهۡلِ ٱلۡجَنَّةِ;die Leute des Paradieses;ٱلرُّسُلِ;die Gesandten;ٱلۡأَصۡنَامِ;die Götzen
40;49;Für wie lange bitten die Leute im Feuer laut Vers 49 um Erleichterung der Strafe?;يَوۡمًا;einen Tag;سَاعَةً;eine Stunde;شَهۡرًا;einen Monat;سَنَةً;ein Jahr
40;50;Was antworten die Leute im Feuer laut Vers 50 auf die Frage, ob ihre Gesandten mit klaren Beweisen kamen?;بَلَىٰ;Jawohl;لَا;Nein;لَا نَعۡلَمُ;Wir wissen nicht;كَلَّا;Keineswegs
40;50;Wie ist laut Vers 50 das Rufen der Ungläubigen?;فِي ضَلَٰلٍ;verloren;مُسۡتَجَابٌ;erhört;مَقۡبُولٌ;angenommen;مَسۡمُوعٌ;gehört
40;51;Wem hilft Allah laut Vers 51 zusammen mit den Gläubigen?;رُسُلَنَا;Unseren Gesandten;ٱلۡمُلُوكَ;den Königen;ٱلۡأَغۡنِيَآءَ;den Reichen;ٱلظَّٰلِمِينَ;den Ungerechten
40;52;Was wird den Ungerechten laut Vers 52 zuteil?;ٱللَّعۡنَةُ;der Fluch;ٱلرَّحۡمَةُ;die Barmherzigkeit;ٱلۡمَغۡفِرَةُ;die Vergebung;ٱلشَّفَٰعَةُ;die Fürsprache
40;52;Welche Wohnstätte erwartet die Ungerechten laut Vers 52?;سُوٓءُ ٱلدَّارِ;die böse Wohnstätte;دَارُ ٱلسَّلَٰمِ;Stätte des Friedens;عُقۡبَى ٱلدَّارِ;guter Ausgang der Wohnstätte;حُسۡنُ ٱلۡمَـَٔابِ;schöne Heimkehr
40;53;Was gab Allah Mūsā laut Vers 53?;ٱلۡهُدَىٰ;die Rechtleitung;ٱلۡمُلۡكَ;die Herrschaft;ٱلۡمَالَ;das Vermögen;ٱلۡحَدِيدَ;das Eisen
40;53;Wen ließ Allah laut Vers 53 die Schrift erben?;بَنِيٓ إِسۡرَٰٓءِيلَ;die Kinder Isrāʾīls;ءَالَ فِرۡعَوۡنَ;die Sippe Pharaos;قَوۡمَ نُوحٍ;das Volk Nūḥs;عَادًا;ʿĀd
40;54;Was war die Schrift laut Vers 54 neben Rechtleitung?;ذِكۡرَىٰ;Ermahnung;لَهۡوًا;Zeitvertreib;سِحۡرًا;Zauberei;شِعۡرًا;Dichtung
40;55;Was ist laut Vers 55 wahr?;وَعۡدَ ٱللَّهِ;Allahs Versprechen;قَوۡلَ فِرۡعَوۡنَ;Pharaos Wort;ظَنَّ ٱلۡكَٰفِرِينَ;Vermutung der Ungläubigen;وَعۡدَ ٱلشَّيۡطَٰنِ;Satans Versprechen
40;55;Wann soll der Prophet laut Vers 55 das Lob seines Herrn preisen?;بِٱلۡعَشِيِّ وَٱلۡإِبۡكَٰرِ;abends und frühmorgens;عِندَ ٱلۡحَرۡبِ;im Krieg;فِي رَمَضَانَ فَقَطۡ;nur im Ramaḍān;يَوۡمَ ٱلۡجُمُعَةِ فَقَطۡ;nur am Freitag
40;56;Was ist laut Vers 56 in den Brüsten derer, die ohne Ermächtigung streiten?;كِبۡرࣱ;Hochmut;إِيمَٰنٌ;Glaube;خَوۡفٌ;Furcht;عِلۡمٌ;Wissen
40;56;Wozu wird der Prophet in Vers 56 gegenüber den Streitenden aufgefordert?;فَٱسۡتَعِذۡ بِٱللَّهِ;nimm Zuflucht bei Allah;فَقَٰتِلۡهُمۡ;bekämpfe sie;فَجَٰدِلۡهُمۡ;streite mit ihnen;فَٱتَّبِعۡهُمۡ;folge ihnen
40;57;Was ist laut Vers 57 größer als die Erschaffung der Menschen?;خَلۡقُ ٱلسَّمَٰوَٰتِ وَٱلۡأَرۡضِ;Erschaffung von Himmeln und Erde;خَلۡقُ ٱلۡمَلَٰٓئِكَةِ;Erschaffung der Engel;خَلۡقُ ٱلۡجِنِّ;Erschaffung der Dschinn;خَلۡقُ ٱلۡأَنۡعَٰمِ;Erschaffung des Viehs
40;57;Mit welchen Worten endet Vers 57: Aber die meisten Menschen …?;لَا يَعۡلَمُونَ;wissen nicht;لَا يُؤۡمِنُونَ;glauben nicht;لَا يَشۡكُرُونَ;danken nicht;لَا يَعۡقِلُونَ;begreifen nicht
40;58;Wer wird in Vers 58 dem Blinden gegenübergestellt?;ٱلۡبَصِيرُ;der Sehende;ٱلۡأَصَمُّ;der Taube;ٱلۡأَعۡرَجُ;der Lahme;ٱلۡأَبۡكَمُ;der Stumme
40;58;Wer wird in Vers 58 den Gläubigen gegenübergestellt, die rechtschaffene Werke tun?;ٱلۡمُسِيٓءُ;der Missetäter;ٱلۡمُحۡسِنُ;der Wohltäter;ٱلصَّادِقُ;der Wahrhaftige;ٱلۡعَابِدُ;der Anbetende
40;59;Was kommt laut Vers 59 ganz bestimmt, ohne jeden Zweifel?;ٱلسَّاعَةَ;die Stunde;ٱلۡمَطَرَ;der Regen;ٱلۡجَيۡشَ;das Heer;ٱلرَّبِيعَ;der Frühling
40;59;Mit welchen Worten endet Vers 59: Aber die meisten Menschen …?;لَا يُؤۡمِنُونَ;glauben nicht;لَا يَعۡلَمُونَ;wissen nicht;لَا يَشۡكُرُونَ;danken nicht;لَا يَعۡقِلُونَ;begreifen nicht
40;60;Was verspricht euer Herr laut Vers 60, wenn ihr Ihn anruft?;أَسۡتَجِبۡ لَكُمۡ;so erhöre Ich euch;أُعَذِّبۡكُمۡ;so strafe Ich euch;أُعۡرِضۡ عَنكُمۡ;so wende Ich Mich ab;أُمۡهِلۡكُمۡ;so gebe Ich euch Aufschub
40;60;Wie gehen die, die sich hochmütig weigern, Allah zu dienen, laut Vers 60 in die Hölle ein?;دَاخِرِينَ;gedemütigt;مُكۡرَمِينَ;geehrt;ضَاحِكِينَ;lachend;ءَامِنِينَ;in Sicherheit
40;61;Wozu hat Allah laut Vers 61 die Nacht gemacht?;لِتَسۡكُنُواْ فِيهِ;damit ihr darin ruht;لِتَعۡمَلُواْ فِيهِ;damit ihr darin arbeitet;لِتَتَّجِرُواْ فِيهِ;damit ihr darin Handel treibt;لِتَخَافُواْ;damit ihr euch fürchtet
40;61;Mit welchen Worten endet Vers 61: Aber die meisten Menschen …?;لَا يَشۡكُرُونَ;danken nicht;لَا يُؤۡمِنُونَ;glauben nicht;لَا يَعۡلَمُونَ;wissen nicht;لَا يَعۡقِلُونَ;begreifen nicht
40;62;Welche Beschreibung Allahs folgt in Vers 62 direkt auf rabbukum (euer Herr)?;خَٰلِقُ كُلِّ شَيۡءࣲ;Schöpfer von allem;فَاطِرُ ٱلسَّمَٰوَٰتِ;Erschaffer der Himmel;مَٰلِكُ يَوۡمِ ٱلدِّينِ;Herrscher am Tag des Gerichts;رَبُّ ٱلۡعَرۡشِ ٱلۡعَظِيمِ;Herr des gewaltigen Throns
40;62;Welche Frage stellt Allah am Ende von Vers 62?;فَأَنَّىٰ تُؤۡفَكُونَ;Wie lasst ihr euch abbringen?;فَأَيۡنَ تَذۡهَبُونَ;Wohin geht ihr denn?;أَفَلَا تَعۡقِلُونَ;Begreift ihr denn nicht?;فَهَلۡ أَنتُم مُّنتَهُونَ;Hört ihr nun auf?
40;63;Was pflegten die Abgewendeten laut Vers 63 mit Allahs Zeichen zu tun?;يَجۡحَدُونَ;sie leugneten;يَتَدَبَّرُونَ;sie bedachten;يُصَدِّقُونَ;sie bestätigten;يَتۡلُونَ;sie trugen vor
40;64;Wozu machte Allah laut Vers 64 die Erde?;قَرَارًا;zu einem festen Grund;سِجۡنًا;zu einem Gefängnis;نَارًا;zu einem Feuer;بَحۡرًا;zu einem Meer
40;64;Womit hat Allah die Menschen laut Vers 64 versorgt?;مِّنَ ٱلطَّيِّبَٰتِ;von den guten Dingen;مِّنَ ٱلۡخَبَآئِثِ;von den schlechten Dingen;مِّنَ ٱلۡحَرَامِ;vom Verbotenen;مِّنَ ٱلرِّبَوٰاْ;vom Zinswucher
40;65;Welcher Name Allahs eröffnet Vers 65 (Er ist der …)?;ٱلۡحَيُّ;der Lebendige;ٱلۡمَلِكُ;der König;ٱلۡعَلِيمُ;der Allwissende;ٱلرَّحِيمُ;der Barmherzige
40;65;Mit welchem Lobpreis endet Vers 65?;ٱلۡحَمۡدُ لِلَّهِ رَبِّ ٱلۡعَٰلَمِينَ;Lob sei Allah, dem Weltenherrn;سُبۡحَٰنَ رَبِّكَ رَبِّ ٱلۡعِزَّةِ;Preis deinem Herrn der Macht;سُبۡحَٰنَ ٱللَّهِ ٱلۡعَظِيمِ;Preis sei Allah, dem Gewaltigen;حَسۡبِيَ ٱللَّهُ;Allah genügt mir
40;66;Was kam laut Vers 66 von seinem Herrn zum Propheten?;ٱلۡبَيِّنَٰتُ;die klaren Beweise;ٱلۡأَمۡوَٰلُ;die Reichtümer;ٱلۡجُنُودُ;die Heere;ٱلۡمُلۡكُ;die Herrschaft
40;66;Was wurde dem Propheten laut Vers 66 befohlen?;أَنۡ أُسۡلِمَ لِرَبِّ ٱلۡعَٰلَمِينَ;mich dem Weltenherrn ergeben;أَنۡ أُقَاتِلَ قَوۡمِي;mein Volk zu bekämpfen;أَنۡ أَعۡتَزِلَ ٱلنَّاسَ;mich von den Menschen zurückzuziehen;أَنۡ أَسۡكُتَ;zu schweigen
40;67;Woraus hat Allah die Menschen laut Vers 67 zuerst erschaffen?;تُرَابࣲ;Erde;نَارٍ;Feuer;نُورٍ;Licht;هَوَآءٍ;Luft
40;67;Was folgt laut Vers 67 auf den Samentropfen (Nuṭfa)?;عَلَقَةࣲ;ein Anhängsel;عِظَٰمٍ;Knochen;طِينٍ;Lehm;رَمَادٍ;Asche
40;67;Was werden die Menschen laut Vers 67 im Alter?;شُيُوخًا;Greise;مُلُوكًا;Könige;أَنۡبِيَآءَ;Propheten;مَلَٰٓئِكَةً;Engel
40;68;Was sagt Allah laut Vers 68 zu einer Sache, die Er beschließt?;كُن;Sei!;قِفۡ;Halt!;ٱذۡهَبۡ;Geh!;ٱنتَظِرۡ;Warte!
40;69;Worüber streiten laut Vers 69 diejenigen, die sich abwenden lassen?;ءَايَٰتِ ٱللَّهِ;die Zeichen Allahs;أَمۡوَٰلِ ٱلۡيَتَٰمَىٰ;den Besitz der Waisen;حُدُودِ ٱلۡأَرۡضِ;die Grenzen des Landes;أَنسَابِ ٱلۡقَبَآئِلِ;die Abstammung der Stämme
40;70;Was leugnen die Streitenden laut Vers 70 neben der Botschaft der Gesandten?;بِٱلۡكِتَٰبِ;das Buch;بِٱلۡأَصۡنَامِ;die Götzen;بِٱلسِّحۡرِ;die Zauberei;بِٱلشِّعۡرِ;die Dichtung
40;71;Was ist laut Vers 71 um die Hälse der Leugner gelegt?;ٱلۡأَغۡلَٰلُ;die Fesseln;ٱلۡقَلَٰٓئِدُ;die Halsketten;ٱلتَّمَآئِمُ;die Amulette;ٱلۡعَمَآئِمُ;die Turbane
40;72;Wohin werden die Leugner laut Vers 72 gezerrt, bevor sie im Feuer gepeinigt werden?;ٱلۡحَمِيمِ;ins siedende Wasser;ٱلزَّمۡهَرِيرِ;in die eisige Kälte;ٱلۡأَعۡرَافِ;auf die Höhen;ٱلۡبَرۡزَخِ;in die Zwischenwelt
40;73;Was wird zu den Leugnern laut Vers 73 gesagt?;أَيۡنَ مَا كُنتُمۡ تُشۡرِكُونَ;Wo sind eure Beigesellten?;أَيۡنَ أَمۡوَٰلُكُمۡ;Wo ist euer Besitz?;أَيۡنَ قُصُورُكُمۡ;Wo sind eure Paläste?;أَيۡنَ مُلُوكُكُمۡ;Wo sind eure Könige?
40;74;Was antworten die Leugner laut Vers 74 über ihre Götzen?;ضَلُّواْ عَنَّا;sie sind uns entschwunden;هُمۡ مَعَنَا;sie sind bei uns;شَفَعُواْ لَنَا;sie traten für uns ein;نَصَرُونَا;sie halfen uns
40;74;Wen lässt Allah laut Vers 74 auf diese Weise irregehen?;ٱلۡكَٰفِرِينَ;die Ungläubigen;ٱلۡمُؤۡمِنِينَ;die Gläubigen;ٱلصَّٰدِقِينَ;die Wahrhaftigen;ٱلۡمُتَّقِينَ;die Gottesfürchtigen
40;75;Was pflegten die Leugner laut Vers 75 außer dem Frohlocken zu tun?;تَمۡرَحُونَ;ihr wart ausgelassen;تَبۡكُونَ;ihr weintet;تَصۡبِرُونَ;ihr wart geduldig;تَسۡتَغۡفِرُونَ;ihr batet um Vergebung
40;76;Was sollen die Leugner laut Vers 76 betreten?;أَبۡوَٰبَ جَهَنَّمَ;die Tore der Hölle;أَبۡوَٰبَ ٱلۡجَنَّةِ;die Tore des Paradieses;أَبۡوَٰبَ ٱلسَّمَآءِ;die Tore des Himmels;أَبۡوَٰبَ ٱلۡمَسۡجِدِ;die Tore der Moschee
40;76;Wessen Bleibe ist laut Vers 76 schlimm?;ٱلۡمُتَكَبِّرِينَ;der Hochmütigen;ٱلۡمُتَّقِينَ;der Gottesfürchtigen;ٱلصَّٰبِرِينَ;der Geduldigen;ٱلشَّٰكِرِينَ;der Dankbaren
40;77;Wozu wird der Prophet zu Beginn von Vers 77 aufgefordert?;فَٱصۡبِرۡ;sei standhaft;فَٱرۡحَلۡ;zieh fort;فَٱغۡضَبۡ;zürne;فَٱحۡزَنۡ;sei traurig
40;77;Zu wem werden die Leugner laut Vers 77 zurückgebracht?;إِلَيۡنَا;zu Uns;إِلَى ٱلدُّنۡيَا;ins Diesseits;إِلَىٰٓ ءَابَآئِهِمۡ;zu ihren Vätern;إِلَىٰٓ أَوۡثَٰنِهِمۡ;zu ihren Götzen
40;78;Was sagt Vers 78 über die Gesandten vor dem Propheten?;مِنۡهُم مَّن قَصَصۡنَا عَلَيۡكَ;von manchen berichteten Wir dir;قَصَصۡنَاهُمۡ كُلَّهُمۡ عَلَيۡكَ;von allen berichteten Wir dir;لَمۡ نَقۡصُصۡ أَحَدًا عَلَيۡكَ;von keinem berichteten Wir dir;لَمۡ نُرۡسِلۡ أَحَدًا قَبۡلَكَ;vor dir sandten Wir keinen
40;78;Womit allein kann ein Gesandter laut Vers 78 ein Zeichen bringen?;بِإِذۡنِ ٱللَّهِ;mit Allahs Erlaubnis;بِقُوَّتِهِۦ;mit eigener Kraft;بِسِحۡرِهِۦ;mit Zauberei;بِطَلَبِ قَوۡمِهِۦ;auf Verlangen seines Volkes
40;78;Wer hat laut Vers 78 verloren, wenn Allahs Befehl kommt?;ٱلۡمُبۡطِلُونَ;die alles für nichtig Erklärenden;ٱلۡمُؤۡمِنُونَ;die Gläubigen;ٱلرُّسُلُ;die Gesandten;ٱلصَّٰدِقُونَ;die Wahrhaftigen
40;79;Was hat Allah laut Vers 79 gemacht, damit ihr darauf reitet und davon esst?;ٱلۡأَنۡعَٰمَ;das Vieh;ٱلطَّيۡرَ;die Vögel;ٱلۡحِيتَانَ;die Fische;ٱلۡوُحُوشَ;die wilden Tiere
40;80;Worauf werdet ihr laut Vers 80 außer auf dem Vieh getragen?;ٱلۡفُلۡكِ;die Schiffe;ٱلرِّيحِ;der Wind;ٱلسَّحَابِ;die Wolken;ٱلۡأَكۡتَافِ;die Schultern
40;81;Was zeigt Allah euch laut Vers 81?;ءَايَٰتِهِۦ;Seine Zeichen;جَنَّتَهُۥ;Sein Paradies;عَرۡشَهُۥ;Seinen Thron;مَلَٰٓئِكَتَهُۥ;Seine Engel
40;81;Welche Frage stellt Vers 81 am Ende?;فَأَيَّ ءَايَٰتِ ٱللَّهِ تُنكِرُونَ;Welche Zeichen Allahs leugnet ihr?;أَفَلَا تَتَذَكَّرُونَ;Bedenkt ihr denn nicht?;أَفَلَا تُبۡصِرُونَ;Seht ihr denn nicht?;فَأَيۡنَ تَذۡهَبُونَ;Wohin geht ihr denn?
40;82;Laut Vers 82 waren die früheren Völker stärker als die Leugner. Was waren sie außerdem?;أَكۡثَرَ;zahlreicher;أَتۡقَىٰ;gottesfürchtiger;أَصۡدَقَ;wahrhaftiger;أَفۡقَرَ;ärmer
40;83;Worüber frohlockten die früheren Völker laut Vers 83, als ihre Gesandten mit klaren Beweisen kamen?;ٱلۡعِلۡمِ;das Wissen, das sie hatten;ٱلۡمَالِ;den Besitz;ٱلۡأَوۡلَٰدِ;die Kinder;ٱلۡجُنُودِ;die Heere
40;83;Was pflegten sie laut Vers 83 mit dem zu tun, was sie am Ende umschloss?;يَسۡتَهۡزِءُونَ;sich lustig machen;يَخۡشَوۡنَ;fürchten;يَشۡكُرُونَ;dafür danken;يَرۡجُونَ;erhoffen
40;84;Was sagten die Leugner laut Vers 84, als sie Allahs Strenge sahen?;ءَامَنَّا بِٱللَّهِ وَحۡدَهُۥ;Wir glauben an Allah allein;هَٰذَا سِحۡرࣱ مُّبِينࣱ;Das ist deutliche Zauberei;لَن نُّؤۡمِنَ لَكُمۡ;Wir glauben euch niemals;مَا نَحۡنُ بِمُعَذَّبِينَ;Wir werden nicht bestraft
40;85;Was nützte den Leugnern laut Vers 85 nichts mehr, weil es erst kam, als sie Allahs Strenge sahen?;إِيمَٰنُهُمۡ;ihr Glaube;أَمۡوَٰلُهُمۡ;ihr Besitz;أَوۡلَٰدُهُمۡ;ihre Kinder;جُنُودُهُمۡ;ihre Heere
40;85;Wie wird in Vers 85 die Regel genannt, die schon an Allahs Dienern vollzogen wurde?;سُنَّتَ ٱللَّهِ;Allahs Gesetzmäßigkeit;صِبۡغَةَ ٱللَّهِ;Allahs Färbung;نَاقَةَ ٱللَّهِ;Allahs Kamelstute;رَحۡمَتَ ٱللَّهِ;Allahs Barmherzigkeit
40;85;Wer hat laut Vers 85 am Ende verloren?;ٱلۡكَٰفِرُونَ;die Ungläubigen;ٱلۡمُؤۡمِنُونَ;die Gläubigen;ٱلرُّسُلُ;die Gesandten;ٱلصَّٰبِرُونَ;die Geduldigen
