Sura;Vers;Fragment (arabisch);Fragment (deutsch);Emoji;;
40;1;حم;Ḥā-Mīm.;🔤;;
40;2;تَنزِيلُ الْكِتَابِ مِنَ اللَّهِ الْعَزِيزِ الْعَلِيمِ;Die Offenbarung des Buches ist von Allah, dem Allmächtigen, dem Allwissenden,;📖;;
40;3;غَافِرِ الذَّنبِ وَقَابِلِ التَّوْبِ شَدِيدِ الْعِقَابِ ذِي الطَّوْلِ;Dem Vergebenden der Sünde und dem Annehmenden der Reue, dem Strengen im Bestrafen, dem Besitzer der Fülle.;🤲;;
40;3;لَا إِلَٰهَ إِلَّا هُوَ;Es gibt keinen Gott außer Ihm.;☝️;;
40;3;إِلَيْهِ الْمَصِيرُ;Zu Ihm ist der Ausgang.;↩️;;
40;4;مَا يُجَادِلُ فِي آيَاتِ اللَّهِ إِلَّا الَّذِينَ كَفَرُوا;Über die Zeichen Allahs streiten nur diejenigen, die ungläubig sind.;🗣️;;
40;4;فَلَا يَغْرُرْكَ تَقَلُّبُهُمْ فِي الْبِلَادِ;So lasse dich ihr Umherziehen im Land nicht täuschen!;🌍;;
40;5;كَذَّبَتْ قَبْلَهُمْ قَوْمُ نُوحٍ وَالْأَحْزَابُ مِن بَعْدِهِمْ;Vor ihnen leugneten bereits das Volk Nūḥs und die Gruppierungen nach ihnen,;📜;;
40;5;وَهَمَّتْ كُلُّ أُمَّةٍ بِرَسُولِهِمْ لِيَأْخُذُوهُ;und jede Gemeinschaft hatte vor, sich ihres Gesandten zu bemächtigen.;⚔️;;
40;5;وَجَادَلُوا بِالْبَاطِلِ لِيُدْحِضُوا بِهِ الْحَقَّ فَأَخَذْتُهُمْ;Und sie stritten mit dem Falschen, um damit die Wahrheit zu widerlegen. Da ergriff Ich sie.;💥;;
40;5;فَكَيْفَ كَانَ عِقَابِ;Wie war da Meine Bestrafung!;⚡;;
40;6;وَكَذَٰلِكَ حَقَّتْ كَلِمَتُ رَبِّكَ عَلَى الَّذِينَ كَفَرُوا أَنَّهُمْ أَصْحَابُ النَّارِ;Und so hat sich das Wort deines Herrn gegen diejenigen bewahrheitet, die ungläubig sind: dass sie die Gefährten des Feuers sein werden.;🔥;;
40;7;الَّذِينَ يَحْمِلُونَ الْعَرْشَ وَمَنْ حَوْلَهُ يُسَبِّحُونَ بِحَمْدِ رَبِّهِمْ وَيُؤْمِنُونَ بِهِ وَيَسْتَغْفِرُونَ لِلَّذِينَ آمَنُوا;Diejenigen, die den Thron tragen, und diejenigen um ihn herum preisen das Lob ihres Herrn, glauben an Ihn und bitten um Vergebung für diejenigen, die glauben:;👑;;
40;7;رَبَّنَا وَسِعْتَ كُلَّ شَيْءٍ رَّحْمَةً وَعِلْمًا فَاغْفِرْ لِلَّذِينَ تَابُوا وَاتَّبَعُوا سَبِيلَكَ;"Unser Herr, Du umfasst alles an Barmherzigkeit und Wissen; vergib denjenigen, die bereuen und Deinem Weg folgen,";🤲;;
40;7;وَقِهِمْ عَذَابَ الْجَحِيمِ;und bewahre sie vor der Strafe des Höllenbrandes!;🛡️;;
40;8;رَبَّنَا وَأَدْخِلْهُمْ جَنَّاتِ عَدْنٍ الَّتِي وَعَدتَّهُمْ وَمَن صَلَحَ مِنْ آبَائِهِمْ وَأَزْوَاجِهِمْ وَذُرِّيَّاتِهِمْ;Unser Herr, lasse sie eingehen in die Gärten von ʿAdn, die Du ihnen versprochen hast, (sie) und wer rechtschaffen ist von ihren Vätern, ihren Gattinnen und ihren Nachkommen.;🌳;;
40;8;إِنَّكَ أَنتَ الْعَزِيزُ الْحَكِيمُ;Du bist ja der Allmächtige und Allweise.;👑;;
40;9;وَقِهِمُ السَّيِّئَاتِ;Und bewahre sie vor den bösen Taten.;🛡️;;
40;9;وَمَن تَقِ السَّيِّئَاتِ يَوْمَئِذٍ فَقَدْ رَحِمْتَهُ;"Und wen Du an jenem Tag vor den bösen Taten bewahrst, dessen hast Du dich ja erbarmt;";🤍;;
40;9;وَذَٰلِكَ هُوَ الْفَوْزُ الْعَظِيمُ;und das ist der großartige Erfolg.;🏆;;
40;10;إِنَّ الَّذِينَ كَفَرُوا يُنَادَوْنَ لَمَقْتُ اللَّهِ أَكْبَرُ مِن مَّقْتِكُمْ أَنفُسَكُمْ إِذْ تُدْعَوْنَ إِلَى الْإِيمَانِ فَتَكْفُرُونَ;Zu denen, die ungläubig sind, wird gewiss ausgerufen werden: Gewiss, Allahs Abscheu ist größer als eure Abscheu vor euch selbst, da ihr zum Glauben aufgerufen wurdet und ungläubig geblieben seid.;📢;;
40;11;قَالُوا رَبَّنَا أَمَتَّنَا اثْنَتَيْنِ وَأَحْيَيْتَنَا اثْنَتَيْنِ فَاعْتَرَفْنَا بِذُنُوبِنَا فَهَلْ إِلَىٰ خُرُوجٍ مِّن سَبِيلٍ;Sie werden sagen: Unser Herr, Du hast uns zweimal sterben lassen und zweimal lebendig gemacht. Nun bekennen wir unsere Sünden. Gibt es denn einen Weg zum Hinausgelangen?;🚪;;
40;12;ذَٰلِكُم بِأَنَّهُ إِذَا دُعِيَ اللَّهُ وَحْدَهُ كَفَرْتُمْ;"Dies (geschieht euch), weil ihr, als Allah allein angerufen wurde, ungläubig wart;";❌;;
40;12;وَإِن يُشْرَكْ بِهِ تُؤْمِنُوا;aber wenn Ihm (andere) beigesellt wurden, glaubtet ihr.;👥;;
40;12;فَالْحُكْمُ لِلَّهِ الْعَلِيِّ الْكَبِيرِ;Das Urteil gehört Allah, dem Erhabenen, dem Großen.;⚖️;;
40;13;هُوَ الَّذِي يُرِيكُمْ آيَاتِهِ وَيُنَزِّلُ لَكُم مِّنَ السَّمَاءِ رِزْقًا;Er ist es, Der euch Seine Zeichen zeigt und euch vom Himmel Versorgung hinabsendet.;🌧️;;
40;13;وَمَا يَتَذَكَّرُ إِلَّا مَن يُنِيبُ;Aber bedenken tut es nur, wer sich (Allah reuevoll) zuwendet.;↩️;;
40;14;فَادْعُوا اللَّهَ مُخْلِصِينَ لَهُ الدِّينَ وَلَوْ كَرِهَ الْكَافِرُونَ;So ruft Allah an, indem ihr Ihm gegenüber aufrichtig in der Religion seid, auch wenn es den Ungläubigen zuwider ist.;🤲;;
40;15;رَفِيعُ الدَّرَجَاتِ ذُو الْعَرْشِ يُلْقِي الرُّوحَ مِنْ أَمْرِهِ عَلَىٰ مَن يَشَاءُ مِنْ عِبَادِهِ لِيُنذِرَ يَوْمَ التَّلَاقِ;(Er ist es,) Der hohe Rangstufen hat, der Herr des Thrones. Er gibt den Geist von Seinem Befehl, wem von Seinen Dienern Er will, damit er vor dem Tag der Begegnung warne,;📜;;
40;16;يَوْمَ هُم بَارِزُونَ;dem Tag, an dem sie vortreten,;👥;;
40;16;لَا يَخْفَىٰ عَلَى اللَّهِ مِنْهُمْ شَيْءٌ;und nichts von ihnen vor Allah verborgen bleibt.;👁️;;
40;16;لِّمَنِ الْمُلْكُ الْيَوْمَ;Wem gehört die Herrschaft heute?;❓;;
40;16;لِلَّهِ الْوَاحِدِ الْقَهَّارِ;Allah, dem Einen, dem Allbezwinger.;☝️;;
40;17;الْيَوْمَ تُجْزَىٰ كُلُّ نَفْسٍ بِمَا كَسَبَتْ;Heute wird jeder Seele das vergolten, was sie erworben hat.;⚖️;;
40;17;لَا ظُلْمَ الْيَوْمَ;Kein Unrecht gibt es heute.;🚫;;
40;17;إِنَّ اللَّهَ سَرِيعُ الْحِسَابِ;Gewiss, Allah ist schnell im Abrechnen.;⚡;;
40;18;وَأَنذِرْهُمْ يَوْمَ الْآزِفَةِ إِذِ الْقُلُوبُ لَدَى الْحَنَاجِرِ كَاظِمِينَ;Und warne sie vor dem Tag der herannahenden (Entscheidung), da die Herzen in der Kehle sitzen, den Gram unterdrückend.;⚠️;;
40;18;مَا لِلظَّالِمِينَ مِنْ حَمِيمٍ وَلَا شَفِيعٍ يُطَاعُ;Die Ungerechten haben weder einen warmen Freund noch einen Fürsprecher, dem Gehör geschenkt würde.;👤;;
40;19;يَعْلَمُ خَائِنَةَ الْأَعْيُنِ وَمَا تُخْفِي الصُّدُورُ;Er weiß, was die Blicke an Verräterischem tun und was die Brüste verbergen.;👁️;;
40;20;وَاللَّهُ يَقْضِي بِالْحَقِّ;Und Allah entscheidet nach der Wahrheit.;⚖️;;
40;20;وَالَّذِينَ يَدْعُونَ مِن دُونِهِ لَا يَقْضُونَ بِشَيْءٍ;Diejenigen aber, die sie anstatt Seiner anrufen, entscheiden nichts.;🪨;;
40;20;إِنَّ اللَّهَ هُوَ السَّمِيعُ الْبَصِيرُ;Gewiss, Allah ist der Allhörende, der Allsehende.;👂;;
40;21;أَوَلَمْ يَسِيرُوا فِي الْأَرْضِ فَيَنظُرُوا كَيْفَ كَانَ عَاقِبَةُ الَّذِينَ كَانُوا مِن قَبْلِهِمْ;Sind sie denn nicht auf der Erde umhergereist, so dass sie schauen (konnten), wie das Ende derjenigen war, die vor ihnen waren?;🌍;;
40;21;كَانُوا هُمْ أَشَدَّ مِنْهُمْ قُوَّةً وَآثَارًا فِي الْأَرْضِ فَأَخَذَهُمُ اللَّهُ بِذُنُوبِهِمْ وَمَا كَانَ لَهُم مِّنَ اللَّهِ مِن وَاقٍ;"Sie waren ja stärker als sie an Kraft und hinterließen mehr Spuren auf der Erde. Da ergriff sie Allah für ihre Sünden; und sie hatten vor Allah keinen Beschützer.";🏛️;;
40;22;ذَٰلِكَ بِأَنَّهُمْ كَانَت تَّأْتِيهِمْ رُسُلُهُم بِالْبَيِّنَاتِ فَكَفَرُوا فَأَخَذَهُمُ اللَّهُ;"Dies (geschah deshalb), weil ihre Gesandten mit den klaren Beweisen zu ihnen kamen, sie aber ungläubig blieben; da ergriff sie Allah.";📜;;
40;22;إِنَّهُ قَوِيٌّ شَدِيدُ الْعِقَابِ;Gewiss, Er ist Stark und streng im Bestrafen.;💥;;
40;23;وَلَقَدْ أَرْسَلْنَا مُوسَىٰ بِآيَاتِنَا وَسُلْطَانٍ مُّبِينٍ;Und Wir sandten ja bereits Mūsā mit Unseren Zeichen und einer deutlichen Ermächtigung;🌊;;
40;24;إِلَىٰ فِرْعَوْنَ وَهَامَانَ وَقَارُونَ فَقَالُوا سَاحِرٌ كَذَّابٌ;zu Firʿawn, Hāmān und Qārūn. Da sagten sie: Ein Zauberer, ein verlogener.;👑;;
40;25;فَلَمَّا جَاءَهُم بِالْحَقِّ مِنْ عِندِنَا قَالُوا اقْتُلُوا أَبْنَاءَ الَّذِينَ آمَنُوا مَعَهُ وَاسْتَحْيُوا نِسَاءَهُمْ;Als er ihnen nun die Wahrheit von Uns brachte, sagten sie: Tötet die Söhne derjenigen, die mit ihm glauben, und lasst ihre Frauen am Leben.;⚔️;;
40;25;وَمَا كَيْدُ الْكَافِرِينَ إِلَّا فِي ضَلَالٍ;Aber die List der Ungläubigen geht gewiss verloren.;🕸️;;
40;26;وَقَالَ فِرْعَوْنُ ذَرُونِي أَقْتُلْ مُوسَىٰ وَلْيَدْعُ رَبَّهُ;Und Pharao sagte: Lasst mich Mūsā töten! Er soll seinen Herrn anrufen!;🗡️;;
40;26;إِنِّي أَخَافُ أَن يُبَدِّلَ دِينَكُمْ أَوْ أَن يُظْهِرَ فِي الْأَرْضِ الْفَسَادَ;Ich fürchte nämlich, dass er eure Religion ändert oder dass er auf der Erde Unheil stiftet.;⚠️;;
40;27;وَقَالَ مُوسَىٰ إِنِّي عُذْتُ بِرَبِّي وَرَبِّكُم مِّن كُلِّ مُتَكَبِّرٍ لَّا يُؤْمِنُ بِيَوْمِ الْحِسَابِ;Und Mūsā sagte: Ich nehme Zuflucht zu meinem Herrn und eurem Herrn vor jedem Hochmütigen, der nicht an den Tag der Abrechnung glaubt.;🛡️;;
40;28;وَقَالَ رَجُلٌ مُّؤْمِنٌ مِّنْ آلِ فِرْعَوْنَ يَكْتُمُ إِيمَانَهُ أَتَقْتُلُونَ رَجُلًا أَن يَقُولَ رَبِّيَ اللَّهُ وَقَدْ جَاءَكُم بِالْبَيِّنَاتِ مِن رَّبِّكُمْ;Ein gläubiger Mann von den Leuten Pharaos, der seinen Glauben verheimlichte, sagte: Wollt ihr denn einen Mann töten, weil er sagt: Mein Herr ist Allah, wo er doch mit den klaren Beweisen von eurem Herrn zu euch gekommen ist?;🗣️;;
40;28;وَإِن يَكُ كَاذِبًا فَعَلَيْهِ كَذِبُهُ;"Wenn er ein Lügner ist, so geht seine Lüge zu seinen Lasten;";🤥;;
40;28;وَإِن يَكُ صَادِقًا يُصِبْكُم بَعْضُ الَّذِي يَعِدُكُمْ;wenn er aber die Wahrheit sagt, wird euch etwas von dem treffen, was er euch androht.;⚡;;
40;28;إِنَّ اللَّهَ لَا يَهْدِي مَنْ هُوَ مُسْرِفٌ كَذَّابٌ;Gewiss, Allah leitet niemanden recht, wer maßlos und verlogen ist.;🚫;;
40;29;يَا قَوْمِ لَكُمُ الْمُلْكُ الْيَوْمَ ظَاهِرِينَ فِي الْأَرْضِ فَمَن يَنصُرُنَا مِن بَأْسِ اللَّهِ إِن جَاءَنَا;O mein Volk, euer ist heute die Herrschaft, da ihr auf der Erde die Oberhand habt. Wer aber wird uns vor Allahs Strenge helfen, wenn sie über uns kommt?;👑;;
40;29;قَالَ فِرْعَوْنُ مَا أُرِيكُمْ إِلَّا مَا أَرَىٰ وَمَا أَهْدِيكُمْ إِلَّا سَبِيلَ الرَّشَادِ;Pharao sagte: Ich weise euch nur auf das hin, was ich sehe, und ich leite euch nur auf den Weg des rechten Handelns.;🗣️;;
40;30;وَقَالَ الَّذِي آمَنَ يَا قَوْمِ إِنِّي أَخَافُ عَلَيْكُم مِّثْلَ يَوْمِ الْأَحْزَابِ;Und derjenige, der glaubte, sagte: O mein Volk, ich fürchte um euch das Gleiche wie den Tag der Gruppierungen,;⚠️;;
40;31;مِثْلَ دَأْبِ قَوْمِ نُوحٍ وَعَادٍ وَثَمُودَ وَالَّذِينَ مِن بَعْدِهِمْ;wie den gewohnten Zustand des Volkes Nūḥs, der ʿĀd, der Ṯamūd und derjenigen nach ihnen.;📜;;
40;31;وَمَا اللَّهُ يُرِيدُ ظُلْمًا لِّلْعِبَادِ;Und Allah will kein Unrecht für die Diener.;⚖️;;
40;32;وَيَا قَوْمِ إِنِّي أَخَافُ عَلَيْكُمْ يَوْمَ التَّنَادِ;O mein Volk, gewiss, ich fürchte um euch den Tag des gegenseitigen Zurufens,;📢;;
40;33;يَوْمَ تُوَلُّونَ مُدْبِرِينَ مَا لَكُم مِّنَ اللَّهِ مِنْ عَاصِمٍ;den Tag, an dem ihr den Rücken kehrt und flieht, ohne dass ihr vor Allah einen Schützer hättet.;🏃;;
40;33;وَمَن يُضْلِلِ اللَّهُ فَمَا لَهُ مِنْ هَادٍ;Und wen Allah in die Irre gehen lässt, der hat niemanden, der ihn rechtleitet.;🌫️;;
40;34;وَلَقَدْ جَاءَكُمْ يُوسُفُ مِن قَبْلُ بِالْبَيِّنَاتِ فَمَا زِلْتُمْ فِي شَكٍّ مِّمَّا جَاءَكُم بِهِ;Und Yūsuf war ja bereits zuvor mit den klaren Beweisen zu euch gekommen. Aber ihr habt nicht aufgehört, über das im Zweifel zu sein, was er euch brachte,;📜;;
40;34;حَتَّىٰ إِذَا هَلَكَ قُلْتُمْ لَن يَبْعَثَ اللَّهُ مِن بَعْدِهِ رَسُولًا;bis er dann starb und ihr sagtet: Allah wird nach ihm gewiss keinen Gesandten mehr erstehen lassen.;⌛;;
40;34;كَذَٰلِكَ يُضِلُّ اللَّهُ مَنْ هُوَ مُسْرِفٌ مُّرْتَابٌ;So lässt Allah irregehen, wer maßlos und zweiflerisch ist.;🌫️;;
40;35;الَّذِينَ يُجَادِلُونَ فِي آيَاتِ اللَّهِ بِغَيْرِ سُلْطَانٍ أَتَاهُمْ;Diejenigen, die über die Zeichen Allahs streiten, ohne dass eine Ermächtigung zu ihnen gekommen wäre,;🗣️;;
40;35;كَبُرَ مَقْتًا عِندَ اللَّهِ وَعِندَ الَّذِينَ آمَنُوا;haben großen Abscheu bei Allah und bei denjenigen, die glauben, erregt.;⚠️;;
40;35;كَذَٰلِكَ يَطْبَعُ اللَّهُ عَلَىٰ كُلِّ قَلْبِ مُتَكَبِّرٍ جَبَّارٍ;So versiegelt Allah das Herz eines jeden Hochmütigen, Gewalttätigen.;🔒;;
40;36;وَقَالَ فِرْعَوْنُ يَا هَامَانُ ابْنِ لِي صَرْحًا لَّعَلِّي أَبْلُغُ الْأَسْبَابَ;Und Pharao sagte: O Hāmān, baue mir einen Hochsitz, vielleicht erreiche ich die Zugänge,;🏗️;;
40;37;أَسْبَابَ السَّمَاوَاتِ فَأَطَّلِعَ إِلَىٰ إِلَٰهِ مُوسَىٰ وَإِنِّي لَأَظُنُّهُ كَاذِبًا;"die Zugänge zu den Himmeln, dass ich zum Gott Mūsās emporsteige; gewiss, ich halte ihn für einen Lügner.";🌌;;
40;37;وَكَذَٰلِكَ زُيِّنَ لِفِرْعَوْنَ سُوءُ عَمَلِهِ وَصُدَّ عَنِ السَّبِيلِ;Und so wurde Pharao sein böses Tun ausgeschmückt, und er wurde vom (rechten) Weg abgehalten.;🥀;;
40;37;وَمَا كَيْدُ فِرْعَوْنَ إِلَّا فِي تَبَابٍ;Aber die List Pharaos ging nur zugrunde.;🕸️;;
40;38;وَقَالَ الَّذِي آمَنَ يَا قَوْمِ اتَّبِعُونِ أَهْدِكُمْ سَبِيلَ الرَّشَادِ;Und derjenige, der glaubte, sagte: O mein Volk, folgt mir, so leite ich euch auf den Weg des rechten Handelns.;🧭;;
40;39;يَا قَوْمِ إِنَّمَا هَٰذِهِ الْحَيَاةُ الدُّنْيَا مَتَاعٌ وَإِنَّ الْآخِرَةَ هِيَ دَارُ الْقَرَارِ;"O mein Volk, dieses irdische Leben ist nur Nießbrauch; das Jenseits aber ist die Wohnstätte des Bleibens.";⏳;;
40;40;مَنْ عَمِلَ سَيِّئَةً فَلَا يُجْزَىٰ إِلَّا مِثْلَهَا;"Wer eine böse Tat begeht, dem wird nur mit Gleichwertigem vergolten;";⚖️;;
40;40;وَمَنْ عَمِلَ صَالِحًا مِّن ذَكَرٍ أَوْ أُنثَىٰ وَهُوَ مُؤْمِنٌ فَأُولَٰئِكَ يَدْخُلُونَ الْجَنَّةَ يُرْزَقُونَ فِيهَا بِغَيْرِ حِسَابٍ;wer aber rechtschaffen handelt, ob Mann oder Frau, und dabei gläubig ist, jene werden in den Paradiesgarten eingehen, wo sie versorgt werden ohne Abrechnung.;🌸;;
40;41;وَيَا قَوْمِ مَا لِي أَدْعُوكُمْ إِلَى النَّجَاةِ وَتَدْعُونَنِي إِلَى النَّارِ;O mein Volk, wie kommt es, dass ich euch zur Rettung rufe, während ihr mich zum Feuer ruft?;📢;;
40;42;تَدْعُونَنِي لِأَكْفُرَ بِاللَّهِ وَأُشْرِكَ بِهِ مَا لَيْسَ لِي بِهِ عِلْمٌ;Ihr ruft mich dazu auf, Allah zu verleugnen und Ihm das beizugesellen, wovon ich kein Wissen habe,;❌;;
40;42;وَأَنَا أَدْعُوكُمْ إِلَى الْعَزِيزِ الْغَفَّارِ;während ich euch zum Allmächtigen, zum Allvergebenden rufe.;🤲;;
40;43;لَا جَرَمَ أَنَّمَا تَدْعُونَنِي إِلَيْهِ لَيْسَ لَهُ دَعْوَةٌ فِي الدُّنْيَا وَلَا فِي الْآخِرَةِ;Zweifellos gebührt dem, wozu ihr mich ruft, keine Anrufung, weder im Diesseits noch im Jenseits,;🪨;;
40;43;وَأَنَّ مَرَدَّنَا إِلَى اللَّهِ;und unsere Rückkehr ist gewiss zu Allah,;↩️;;
40;43;وَأَنَّ الْمُسْرِفِينَ هُمْ أَصْحَابُ النَّارِ;und die Maßlosen sind gewiss die Gefährten des Feuers.;🔥;;
40;44;فَسَتَذْكُرُونَ مَا أَقُولُ لَكُمْ;So werdet ihr an das denken, was ich euch sage.;⏳;;
40;44;وَأُفَوِّضُ أَمْرِي إِلَى اللَّهِ;Und ich überlasse meine Angelegenheit Allah.;🤲;;
40;44;إِنَّ اللَّهَ بَصِيرٌ بِالْعِبَادِ;Gewiss, Allah sieht die Diener wohl.;👁️;;
40;45;فَوَقَاهُ اللَّهُ سَيِّئَاتِ مَا مَكَرُوا;Da bewahrte ihn Allah vor den Bosheiten ihrer Ränke,;🛡️;;
40;45;وَحَاقَ بِآلِ فِرْعَوْنَ سُوءُ الْعَذَابِ;und die Sippe Pharaos umringte die schlimme Strafe:;🌊;;
40;46;النَّارُ يُعْرَضُونَ عَلَيْهَا غُدُوًّا وَعَشِيًّا;das Feuer, dem sie morgens und abends vorgeführt werden.;🔥;;
40;46;وَيَوْمَ تَقُومُ السَّاعَةُ أَدْخِلُوا آلَ فِرْعَوْنَ أَشَدَّ الْعَذَابِ;Und am Tag, da die Stunde heraufzieht: Lasst die Sippe Pharaos die strengste Strafe erleiden!;⚖️;;
40;47;وَإِذْ يَتَحَاجُّونَ فِي النَّارِ فَيَقُولُ الضُّعَفَاءُ لِلَّذِينَ اسْتَكْبَرُوا إِنَّا كُنَّا لَكُمْ تَبَعًا;"Und wenn sie im Feuer miteinander streiten, da sagen die Schwachen zu denjenigen, die sich hochmütig verhielten: Gewiss, wir waren eure Gefolgsleute;";🗣️;;
40;47;فَهَلْ أَنتُم مُّغْنُونَ عَنَّا نَصِيبًا مِّنَ النَّارِ;könnt ihr uns nun einen Teil des Feuers abnehmen?;❓;;
40;48;قَالَ الَّذِينَ اسْتَكْبَرُوا إِنَّا كُلٌّ فِيهَا;Diejenigen, die sich hochmütig verhielten, sagen: Gewiss, wir befinden uns alle darin.;⛓️;;
40;48;إِنَّ اللَّهَ قَدْ حَكَمَ بَيْنَ الْعِبَادِ;Gewiss, Allah hat bereits zwischen den Dienern gerichtet.;⚖️;;
40;49;وَقَالَ الَّذِينَ فِي النَّارِ لِخَزَنَةِ جَهَنَّمَ ادْعُوا رَبَّكُمْ يُخَفِّفْ عَنَّا يَوْمًا مِّنَ الْعَذَابِ;Und diejenigen, die im Feuer sind, sagen zu den Wärtern der Hölle: Ruft euren Herrn an, dass Er uns einen Tag von der Strafe erlasse!;🔥;;
40;50;قَالُوا أَوَلَمْ تَكُ تَأْتِيكُمْ رُسُلُكُم بِالْبَيِّنَاتِ;Sie sagen: Kamen nicht doch eure Gesandten mit den klaren Beweisen zu euch?;❓;;
40;50;قَالُوا بَلَىٰ;Sie sagen: Jawohl!;🗣️;;
40;50;قَالُوا فَادْعُوا;Sie sagen: So ruft an!;📢;;
40;50;وَمَا دُعَاءُ الْكَافِرِينَ إِلَّا فِي ضَلَالٍ;Aber das Rufen der Ungläubigen geht gewiss verloren.;🕸️;;
40;51;إِنَّا لَنَنصُرُ رُسُلَنَا وَالَّذِينَ آمَنُوا فِي الْحَيَاةِ الدُّنْيَا وَيَوْمَ يَقُومُ الْأَشْهَادُ;Gewiss, Wir helfen Unseren Gesandten und denjenigen, die glauben, im irdischen Leben und am Tag, da die Zeugen auftreten,;🛡️;;
40;52;يَوْمَ لَا يَنفَعُ الظَّالِمِينَ مَعْذِرَتُهُمْ;"dem Tag, an dem den Ungerechten ihre Entschuldigung nicht nützt;";🚫;;
40;52;وَلَهُمُ اللَّعْنَةُ وَلَهُمْ سُوءُ الدَّارِ;und ihnen wird der Fluch zuteil, und ihnen wird die böse Wohnstätte zuteil.;🔥;;
40;53;وَلَقَدْ آتَيْنَا مُوسَى الْهُدَىٰ وَأَوْرَثْنَا بَنِي إِسْرَائِيلَ الْكِتَابَ;Und Wir gaben bereits Mūsā die Rechtleitung und ließen die Kinder Isrāʾīls die Schrift erben,;📜;;
40;54;هُدًى وَذِكْرَىٰ لِأُولِي الْأَلْبَابِ;als Rechtleitung und Ermahnung für diejenigen, die Verstand besitzen.;💡;;
40;55;فَاصْبِرْ إِنَّ وَعْدَ اللَّهِ حَقٌّ وَاسْتَغْفِرْ لِذَنبِكَ وَسَبِّحْ بِحَمْدِ رَبِّكَ بِالْعَشِيِّ وَالْإِبْكَارِ;Sei nun standhaft! Gewiss, Allahs Versprechen ist wahr. Und bitte um Vergebung für deine Sünde und preise das Lob deines Herrn am Abend und am frühen Morgen.;🤲;;
40;56;إِنَّ الَّذِينَ يُجَادِلُونَ فِي آيَاتِ اللَّهِ بِغَيْرِ سُلْطَانٍ أَتَاهُمْ إِن فِي صُدُورِهِمْ إِلَّا كِبْرٌ مَّا هُم بِبَالِغِيهِ;Gewiss, diejenigen, die über Allahs Zeichen streiten, ohne dass eine Ermächtigung zu ihnen gekommen wäre, haben in ihren Brüsten nur Hochmut, den sie nicht verwirklichen können.;👤;;
40;56;فَاسْتَعِذْ بِاللَّهِ;"So nimm Zuflucht bei Allah;";🛡️;;
40;56;إِنَّهُ هُوَ السَّمِيعُ الْبَصِيرُ;gewiss, Er ist der Allhörende, der Allsehende.;👂;;
40;57;لَخَلْقُ السَّمَاوَاتِ وَالْأَرْضِ أَكْبَرُ مِنْ خَلْقِ النَّاسِ وَلَٰكِنَّ أَكْثَرَ النَّاسِ لَا يَعْلَمُونَ;Wahrlich, die Erschaffung der Himmel und der Erde ist größer als die Erschaffung der Menschen. Aber die meisten Menschen wissen nicht.;🌌;;
40;58;وَمَا يَسْتَوِي الْأَعْمَىٰ وَالْبَصِيرُ وَالَّذِينَ آمَنُوا وَعَمِلُوا الصَّالِحَاتِ وَلَا الْمُسِيءُ;Nicht gleich sind der Blinde und der Sehende und diejenigen, die glauben und rechtschaffene Werke tun, und der Missetäter.;⚖️;;
40;58;قَلِيلًا مَّا تَتَذَكَّرُونَ;Wie wenig ihr bedenkt!;💭;;
40;59;إِنَّ السَّاعَةَ لَآتِيَةٌ لَّا رَيْبَ فِيهَا وَلَٰكِنَّ أَكْثَرَ النَّاسِ لَا يُؤْمِنُونَ;Gewiss, die Stunde kommt bestimmt, an ihr gibt es keinen Zweifel. Aber die meisten Menschen glauben nicht.;⏳;;
40;60;وَقَالَ رَبُّكُمُ ادْعُونِي أَسْتَجِبْ لَكُمْ;Euer Herr sagt: Ruft Mich an, so erhöre Ich euch.;🤲;;
40;60;إِنَّ الَّذِينَ يَسْتَكْبِرُونَ عَنْ عِبَادَتِي سَيَدْخُلُونَ جَهَنَّمَ دَاخِرِينَ;Gewiss, diejenigen, die sich aus Hochmut weigern, Mir zu dienen, werden demütig in die Hölle eingehen.;🔥;;
40;61;اللَّهُ الَّذِي جَعَلَ لَكُمُ اللَّيْلَ لِتَسْكُنُوا فِيهِ وَالنَّهَارَ مُبْصِرًا;Allah ist es, Der euch die Nacht gemacht hat, damit ihr in ihr ruht, und den Tag hell.;🌙;;
40;61;إِنَّ اللَّهَ لَذُو فَضْلٍ عَلَى النَّاسِ وَلَٰكِنَّ أَكْثَرَ النَّاسِ لَا يَشْكُرُونَ;Gewiss, Allah ist voll Huld gegen die Menschen. Aber die meisten Menschen sind nicht dankbar.;🌾;;
40;62;ذَٰلِكُمُ اللَّهُ رَبُّكُمْ خَالِقُ كُلِّ شَيْءٍ لَّا إِلَٰهَ إِلَّا هُوَ;Das ist doch Allah, euer Herr, der Schöpfer von allem. Es gibt keinen Gott außer Ihm.;☝️;;
40;62;فَأَنَّىٰ تُؤْفَكُونَ;Wie lasst ihr euch also abwendig machen?;❓;;
40;63;كَذَٰلِكَ يُؤْفَكُ الَّذِينَ كَانُوا بِآيَاتِ اللَّهِ يَجْحَدُونَ;So lassen sich diejenigen abwendig machen, die Allahs Zeichen zu leugnen pflegten.;🚫;;
40;64;اللَّهُ الَّذِي جَعَلَ لَكُمُ الْأَرْضَ قَرَارًا وَالسَّمَاءَ بِنَاءً وَصَوَّرَكُمْ فَأَحْسَنَ صُوَرَكُمْ وَرَزَقَكُم مِّنَ الطَّيِّبَاتِ;Allah ist es, Der euch die Erde zu einem festen Grund und den Himmel zu einem Bau gemacht, euch gestaltet und eure Gestalten schön gemacht und euch von den guten Dingen versorgt hat.;🌍;;
40;64;ذَٰلِكُمُ اللَّهُ رَبُّكُمْ;Das ist doch Allah, euer Herr.;👑;;
40;64;فَتَبَارَكَ اللَّهُ رَبُّ الْعَالَمِينَ;Segensreich ist Allah, der Herr der Weltenbewohner!;✨;;
40;65;هُوَ الْحَيُّ لَا إِلَٰهَ إِلَّا هُوَ فَادْعُوهُ مُخْلِصِينَ لَهُ الدِّينَ;Er ist der Lebendige. Es gibt keinen Gott außer Ihm. So ruft Ihn an, indem ihr Ihm gegenüber aufrichtig in der Religion seid.;🤲;;
40;65;الْحَمْدُ لِلَّهِ رَبِّ الْعَالَمِينَ;Alles Lob gebührt Allah, dem Herrn der Weltenbewohner.;🤍;;
40;66;قُلْ إِنِّي نُهِيتُ أَنْ أَعْبُدَ الَّذِينَ تَدْعُونَ مِن دُونِ اللَّهِ لَمَّا جَاءَنِيَ الْبَيِّنَاتُ مِن رَّبِّي وَأُمِرْتُ أَنْ أُسْلِمَ لِرَبِّ الْعَالَمِينَ;Sag: Mir ist es untersagt worden, denjenigen zu dienen, die ihr anstatt Allahs anruft, nachdem zu mir die klaren Beweise von meinem Herrn gekommen sind, und mir ist befohlen worden, mich dem Herrn der Weltenbewohner zu unterwerfen.;🛑;;
40;67;هُوَ الَّذِي خَلَقَكُم مِّن تُرَابٍ ثُمَّ مِن نُّطْفَةٍ ثُمَّ مِنْ عَلَقَةٍ ثُمَّ يُخْرِجُكُمْ طِفْلًا ثُمَّ لِتَبْلُغُوا أَشُدَّكُمْ ثُمَّ لِتَكُونُوا شُيُوخًا;Er ist es, Der euch aus Erde erschaffen hat, hierauf aus einem Samentropfen, hierauf aus einem Anhängsel. Hierauf lässt Er euch als kleines Kind hervorkommen. Hierauf (lässt Er euch heranwachsen), damit ihr eure Vollkraft erreicht und damit ihr dann Greise werdet;🌱;;
40;67;وَمِنكُم مَّن يُتَوَفَّىٰ مِن قَبْلُ;– manche von euch werden schon vorher abberufen –;⚰️;;
40;67;وَلِتَبْلُغُوا أَجَلًا مُّسَمًّى وَلَعَلَّكُمْ تَعْقِلُونَ;und damit ihr eine festgesetzte Frist erreicht, und auf dass ihr begreifen mögt.;⏳;;
40;68;هُوَ الَّذِي يُحْيِي وَيُمِيتُ;Er ist es, Der lebendig macht und sterben lässt.;🔄;;
40;68;فَإِذَا قَضَىٰ أَمْرًا فَإِنَّمَا يَقُولُ لَهُ كُن فَيَكُونُ;Wenn Er eine Sache beschließt, so sagt Er zu ihr nur: Sei!, und so ist sie.;🗣️;;
40;69;أَلَمْ تَرَ إِلَى الَّذِينَ يُجَادِلُونَ فِي آيَاتِ اللَّهِ أَنَّىٰ يُصْرَفُونَ;Siehst du nicht diejenigen, die über die Zeichen Allahs streiten, wie sie sich abwenden lassen?;❓;;
40;70;الَّذِينَ كَذَّبُوا بِالْكِتَابِ وَبِمَا أَرْسَلْنَا بِهِ رُسُلَنَا;"Diejenigen, die das Buch und das leugnen, womit Wir Unsere Gesandten gesandt haben;";📖;;
40;70;فَسَوْفَ يَعْلَمُونَ;sie werden es aber noch erfahren,;⚠️;;
40;71;إِذِ الْأَغْلَالُ فِي أَعْنَاقِهِمْ وَالسَّلَاسِلُ يُسْحَبُونَ;wenn die Fesseln und die Ketten um ihre Hälse gelegt sind und sie gezerrt werden;⛓️;;
40;72;فِي الْحَمِيمِ ثُمَّ فِي النَّارِ يُسْجَرُونَ;ins siedende Wasser und hierauf im Feuer gepeinigt werden.;🔥;;
40;73;ثُمَّ قِيلَ لَهُمْ أَيْنَ مَا كُنتُمْ تُشْرِكُونَ;Hierauf wird zu ihnen gesagt werden: Wo ist das, was ihr beizugesellen pflegtet;❓;;
40;74;مِن دُونِ اللَّهِ;anstatt Allahs?;🪨;;
40;74;قَالُوا ضَلُّوا عَنَّا بَل لَّمْ نَكُن نَّدْعُو مِن قَبْلُ شَيْئًا;"Sie werden sagen: Sie sind uns entschwunden; nein, vielmehr haben wir vordem gar nichts angerufen.";💨;;
40;74;كَذَٰلِكَ يُضِلُّ اللَّهُ الْكَافِرِينَ;So lässt Allah die Ungläubigen irregehen.;🌫️;;
40;75;ذَٰلِكُم بِمَا كُنتُمْ تَفْرَحُونَ فِي الْأَرْضِ بِغَيْرِ الْحَقِّ وَبِمَا كُنتُمْ تَمْرَحُونَ;Dies dafür, dass ihr auf der Erde ohne Recht frohlockt und ausgelassen zu sein pflegtet.;🎉;;
40;76;ادْخُلُوا أَبْوَابَ جَهَنَّمَ خَالِدِينَ فِيهَا;Betretet die Tore der Hölle, ewig darin zu bleiben.;🚪;;
40;76;فَبِئْسَ مَثْوَى الْمُتَكَبِّرِينَ;Wie schlimm ist die Bleibe der Hochmütigen!;🥀;;
40;77;فَاصْبِرْ إِنَّ وَعْدَ اللَّهِ حَقٌّ;Sei nun standhaft! Gewiss, Allahs Versprechen ist wahr.;🤲;;
40;77;فَإِمَّا نُرِيَنَّكَ بَعْضَ الَّذِي نَعِدُهُمْ أَوْ نَتَوَفَّيَنَّكَ فَإِلَيْنَا يُرْجَعُونَ;Ob Wir dir nun einen Teil von dem zeigen, was Wir ihnen androhen, oder dich vorher abberufen – zu Uns werden sie zurückgebracht.;↩️;;
40;78;وَلَقَدْ أَرْسَلْنَا رُسُلًا مِّن قَبْلِكَ مِنْهُم مَّن قَصَصْنَا عَلَيْكَ وَمِنْهُم مَّن لَّمْ نَقْصُصْ عَلَيْكَ;"Und Wir sandten ja bereits Gesandte vor dir; unter ihnen sind manche, von denen Wir dir berichtet haben, und unter ihnen sind manche, von denen Wir dir nicht berichtet haben.";📜;;
40;78;وَمَا كَانَ لِرَسُولٍ أَن يَأْتِيَ بِآيَةٍ إِلَّا بِإِذْنِ اللَّهِ;Kein Gesandter kann ein Zeichen bringen außer mit Allahs Erlaubnis.;☝️;;
40;78;فَإِذَا جَاءَ أَمْرُ اللَّهِ قُضِيَ بِالْحَقِّ وَخَسِرَ هُنَالِكَ الْمُبْطِلُونَ;Wenn dann Allahs Befehl kommt, wird nach der Wahrheit entschieden, und verloren haben da diejenigen, die (alles) für nichtig erklären.;⚖️;;
40;79;اللَّهُ الَّذِي جَعَلَ لَكُمُ الْأَنْعَامَ لِتَرْكَبُوا مِنْهَا وَمِنْهَا تَأْكُلُونَ;"Allah ist es, Der euch das Vieh gemacht hat, damit ihr teils auf ihm reitet; und teils ernährt ihr euch von ihm.";🐪;;
40;80;وَلَكُمْ فِيهَا مَنَافِعُ وَلِتَبْلُغُوا عَلَيْهَا حَاجَةً فِي صُدُورِكُمْ وَعَلَيْهَا وَعَلَى الْفُلْكِ تُحْمَلُونَ;"Und ihr habt an ihm (allerlei) Nutzen, und damit ihr darauf ein Anliegen erreicht, das in euren Brüsten ist; und auf ihm und auf den Schiffen werdet ihr getragen.";🚢;;
40;81;وَيُرِيكُمْ آيَاتِهِ فَأَيَّ آيَاتِ اللَّهِ تُنكِرُونَ;Und Er zeigt euch Seine Zeichen. Welche der Zeichen Allahs wollt ihr denn leugnen?;🌌;;
40;82;أَفَلَمْ يَسِيرُوا فِي الْأَرْضِ فَيَنظُرُوا كَيْفَ كَانَ عَاقِبَةُ الَّذِينَ مِن قَبْلِهِمْ;Sind sie denn nicht auf der Erde umhergereist, so dass sie schauen (konnten), wie das Ende derjenigen war, die vor ihnen waren?;🌍;;
40;82;كَانُوا أَكْثَرَ مِنْهُمْ وَأَشَدَّ قُوَّةً وَآثَارًا فِي الْأَرْضِ فَمَا أَغْنَىٰ عَنْهُم مَّا كَانُوا يَكْسِبُونَ;Sie waren zahlreicher als sie, und sie hatten mehr Kraft und hinterließen mehr Spuren auf der Erde. Doch nützte ihnen nicht, was sie zu erwerben pflegten.;🏛️;;
40;83;فَلَمَّا جَاءَتْهُمْ رُسُلُهُم بِالْبَيِّنَاتِ فَرِحُوا بِمَا عِندَهُم مِّنَ الْعِلْمِ وَحَاقَ بِهِم مَّا كَانُوا بِهِ يَسْتَهْزِئُونَ;Als ihre Gesandten mit den klaren Beweisen zu ihnen kamen, frohlockten sie über das Wissen, das sie hatten, aber es umschloss sie das, worüber sie sich lustig zu machen pflegten.;📚;;
40;84;فَلَمَّا رَأَوْا بَأْسَنَا قَالُوا آمَنَّا بِاللَّهِ وَحْدَهُ وَكَفَرْنَا بِمَا كُنَّا بِهِ مُشْرِكِينَ;Als sie dann Unsere Strenge sahen, sagten sie: Wir glauben an Allah allein und verleugnen das, was wir Ihm beizugesellen pflegten.;⚡;;
40;85;فَلَمْ يَكُ يَنفَعُهُمْ إِيمَانُهُمْ لَمَّا رَأَوْا بَأْسَنَا;Aber ihr Glaube nützte ihnen nichts mehr, als sie Unsere Strenge sahen.;⌛;;
40;85;سُنَّتَ اللَّهِ الَّتِي قَدْ خَلَتْ فِي عِبَادِهِ;"(So ist) Allahs Gesetzmäßigkeit, die schon zuvor an Seinen Dienern vollzogen worden ist;";📜;;
40;85;وَخَسِرَ هُنَالِكَ الْكَافِرُونَ;und verloren sind da die Ungläubigen.;🥀;;
;;;;;;
Und Allah ﷻ weiß es am besten.;;;;;;