Sura;Vers;Wörter;Anschluss (zur Kontrolle)
40;2;2;تَنزِيلُ ٱلۡكِتَٰبِ
40;3;2;غَافِرِ ٱلذَّنۢبِ
40;4;2;مَا يُجَٰدِلُ
40;5;2;كَذَّبَتۡ قَبۡلَهُمۡ
40;6;2;وَكَذَٰلِكَ حَقَّتۡ
40;7;3;ٱلَّذِينَ يَحۡمِلُونَ ٱلۡعَرۡشَ
40;8;2;رَبَّنَا وَأَدۡخِلۡهُمۡ
40;9;2;وَقِهِمُ ٱلسَّيِّـَٔاتِۚ
40;10;3;إِنَّ ٱلَّذِينَ كَفَرُواْ
40;11;2;قَالُواْ رَبَّنَآ
40;12;1;ذَٰلِكُم
40;13;3;هُوَ ٱلَّذِي يُرِيكُمۡ
40;14;2;فَٱدۡعُواْ ٱللَّهَ
40;15;2;رَفِيعُ ٱلدَّرَجَٰتِ
40;16;3;يَوۡمَ هُم بَٰرِزُونَۖ
40;17;2;ٱلۡيَوۡمَ تُجۡزَىٰ
40;18;3;وَأَنذِرۡهُمۡ يَوۡمَ ٱلۡأٓزِفَةِ
40;19;3;يَعۡلَمُ خَآئِنَةَ ٱلۡأَعۡيُنِ
40;20;3;وَٱللَّهُ يَقۡضِي بِٱلۡحَقِّۖ
40;21;2;أَوَلَمۡ يَسِيرُواْ
40;22;1;ذَٰلِكَ
40;23;3;وَلَقَدۡ أَرۡسَلۡنَا مُوسَىٰ
40;24;2;إِلَىٰ فِرۡعَوۡنَ
40;25;3;فَلَمَّا جَآءَهُم بِٱلۡحَقِّ
40;26;2;وَقَالَ فِرۡعَوۡنُ
40;27;2;وَقَالَ مُوسَىٰٓ
40;28;3;وَقَالَ رَجُلࣱ مُّؤۡمِنࣱ
40;29;3;يَٰقَوۡمِ لَكُمُ ٱلۡمُلۡكُ
40;30;3;وَقَالَ ٱلَّذِيٓ ءَامَنَ
40;31;2;مِثۡلَ دَأۡبِ
40;32;3;وَيَٰقَوۡمِ إِنِّيٓ أَخَافُ
40;33;3;يَوۡمَ تُوَلُّونَ مُدۡبِرِينَ
40;34;3;وَلَقَدۡ جَآءَكُمۡ يُوسُفُ
40;35;2;ٱلَّذِينَ يُجَٰدِلُونَ
40;36;3;وَقَالَ فِرۡعَوۡنُ يَٰهَٰمَٰنُ
40;37;2;أَسۡبَٰبَ ٱلسَّمَٰوَٰتِ
40;38;3;وَقَالَ ٱلَّذِيٓ ءَامَنَ
40;39;1;يَٰقَوۡمِ
40;40;3;مَنۡ عَمِلَ سَيِّئَةࣰ
40;41;1;وَيَٰقَوۡمِ
40;42;3;تَدۡعُونَنِي لِأَكۡفُرَ بِٱللَّهِ
40;43;2;لَا جَرَمَ
40;44;1;فَسَتَذۡكُرُونَ
40;45;2;فَوَقَىٰهُ ٱللَّهُ
40;46;3;ٱلنَّارُ يُعۡرَضُونَ عَلَيۡهَا
40;47;2;وَإِذۡ يَتَحَآجُّونَ
40;48;3;قَالَ ٱلَّذِينَ ٱسۡتَكۡبَرُوٓاْ
40;49;1;وَقَالَ
40;50;1;قَالُوٓاْ
40;51;3;إِنَّا لَنَنصُرُ رُسُلَنَا
40;52;3;يَوۡمَ لَا يَنفَعُ
40;53;3;وَلَقَدۡ ءَاتَيۡنَا مُوسَى
40;54;2;هُدࣰى وَذِكۡرَىٰ
40;55;1;فَٱصۡبِرۡ
40;56;3;إِنَّ ٱلَّذِينَ يُجَٰدِلُونَ
40;57;3;لَخَلۡقُ ٱلسَّمَٰوَٰتِ وَٱلۡأَرۡضِ
40;58;3;وَمَا يَسۡتَوِي ٱلۡأَعۡمَىٰ
40;59;3;إِنَّ ٱلسَّاعَةَ لَأٓتِيَةࣱ
40;60;3;وَقَالَ رَبُّكُمُ ٱدۡعُونِيٓ
40;61;3;ٱللَّهُ ٱلَّذِي جَعَلَ
40;62;3;ذَٰلِكُمُ ٱللَّهُ رَبُّكُمۡ
40;63;2;كَذَٰلِكَ يُؤۡفَكُ
40;64;3;ٱللَّهُ ٱلَّذِي جَعَلَ
40;65;2;هُوَ ٱلۡحَيُّ
40;66;3;قُلۡ إِنِّي نُهِيتُ
40;67;3;هُوَ ٱلَّذِي خَلَقَكُم
40;68;3;هُوَ ٱلَّذِي يُحۡيِۦ
40;69;2;أَلَمۡ تَرَ
40;70;3;ٱلَّذِينَ كَذَّبُواْ بِٱلۡكِتَٰبِ
40;71;2;إِذِ ٱلۡأَغۡلَٰلُ
40;72;2;فِي ٱلۡحَمِيمِ
40;73;3;ثُمَّ قِيلَ لَهُمۡ
40;74;3;مِن دُونِ ٱللَّهِۖ
40;75;1;ذَٰلِكُم
40;76;3;ٱدۡخُلُوٓاْ أَبۡوَٰبَ جَهَنَّمَ
40;77;1;فَٱصۡبِرۡ
40;78;3;وَلَقَدۡ أَرۡسَلۡنَا رُسُلࣰا
40;79;3;ٱللَّهُ ٱلَّذِي جَعَلَ
40;80;3;وَلَكُمۡ فِيهَا مَنَٰفِعُ
40;81;2;وَيُرِيكُمۡ ءَايَٰتِهِۦ
40;82;2;أَفَلَمۡ يَسِيرُواْ
40;83;3;فَلَمَّا جَآءَتۡهُمۡ رُسُلُهُم
40;84;3;فَلَمَّا رَأَوۡاْ بَأۡسَنَا
40;85;3;فَلَمۡ يَكُ يَنفَعُهُمۡ
41;1;1;حمٓ
