Sura;Vers;Wort (arabisch);Deutsch;Falsch 1;Deutsch 1;Falsch 2;Deutsch 2;Falsch 3;Deutsch 3;Bekannt aus
40;2;ٱلۡكِتَٰبِ;des Buches;ٱلۡحِسَابِ;der Abrechnung;ٱلۡبَابِ;der Tür;ٱلۡعَذَابِ;der Strafe;Ahl al-Kitāb – die Leute des Buches
40;2;ٱلۡعَزِيزِ;dem Allmächtigen;ٱلرَّحِيمِ;dem Barmherzigen;ٱلۡكَرِيمِ;dem Edelmütigen;ٱلۡحَكِيمِ;dem Allweisen;99 Namen Allahs – Name Abdulaziz
40;2;ٱلۡعَلِيمِ;dem Allwissenden;ٱلسَّمِيعِ;dem Allhörenden;ٱلۡبَصِيرِ;dem Allsehenden;ٱلۡحَلِيمِ;dem Nachsichtigen;99 Namen Allahs – Name Alim
40;3;ٱلذَّنۢبِ;der Sünde;ٱلۡخَيۡرِ;des Guten;ٱلۡعِلۡمِ;des Wissens;ٱلرِّزۡقِ;der Versorgung;Allāhumma-ghfir lī dhanbī
40;3;ٱلتَّوۡبِ;der Reue;ٱلنَّوۡمِ;des Schlafes;ٱلۡيَوۡمِ;des Tages;ٱلۡقَوۡمِ;des Volkes;Tawbah machen – at-Tawwāb
40;3;لَآ إِلَٰهَ إِلَّا هُوَۖ;kein Gott außer Ihm;لَا حَوۡلَ وَلَا قُوَّةَۖ;keine Macht und keine Kraft;بِسۡمِ ٱللَّهِ ٱلرَّحۡمَٰنِ ٱلرَّحِيمِۖ;im Namen Allahs, des Allerbarmers, des Barmherzigen;ٱلۡحَمۡدُ لِلَّهِ رَبِّ ٱلۡعَٰلَمِينَۖ;Lob sei Allah, dem Herrn der Welten;Kern der Schahāda, Āyat al-Kursī
40;4;ءَايَٰتِ;die Zeichen;كُتُبِ;die Bücher;بُيُوتِ;die Häuser;مَسَٰجِدِ;die Moscheen;Āyāt – Zeichen und Verse des Qurʾān
40;4;كَفَرُواْ;die ungläubig sind;ءَامَنُواْ;die glauben;صَبَرُواْ;die geduldig sind;شَكَرُواْ;die dankbar sind;Wurzel von Kufr und Kāfir
40;4;ٱلۡبِلَٰدِ;den Ländern;ٱلۡبِحَارِ;den Meeren;ٱلسَّمَآءِ;dem Himmel;ٱلۡجَنَّةِ;dem Paradies;Bilād ash-Shām – die Länder Syriens
40;5;قَوۡمُ نُوحࣲ;das Volk Nūḥs;قَوۡمُ لُوطࣲ;das Volk Lūṭs;قَوۡمُ هُودࣲ;das Volk Hūds;قَوۡمُ مُوسَىٰ;das Volk Mūsās;Prophet Nūḥ (Noah) und die Arche
40;5;أُمَّةِۭ;Gemeinschaft;شَجَرَةِۭ;Baum;دَابَّةِۭ;Tier;كِتَٰبِۭ;Buch;Ummah – die muslimische Gemeinschaft
40;5;بِرَسُولِهِمۡ;ihres Gesandten;بِكِتَٰبِهِمۡ;ihres Buches;بِمَالِهِمۡ;ihres Vermögens;بِطَعَامِهِمۡ;ihres Essens;Rasūlullāh – der Gesandte Allahs
40;5;بِٱلۡبَٰطِلِ;mit dem Falschen;بِٱلصَّبۡرِ;mit der Geduld;بِٱلۡقُرۡءَانِ;mit dem Qurʾān;بِٱلسَّلَٰمِ;mit dem Frieden;Jāʾa-l-ḥaqqu wa zahaqa-l-bāṭil (17:81)
40;5;ٱلۡحَقَّ;die Wahrheit;ٱلصَّلَوٰةَ;das Gebet;ٱلۡمَآءَ;das Wasser;ٱلۡبَيۡتَ;das Haus;al-Ḥaqq – einer der 99 Namen
40;6;رَبِّكَ;deines Herrn;بَيۡتِكَ;deines Hauses;قَوۡمِكَ;deines Volkes;أَبِيكَ;deines Vaters;Rabb – Herr (Rabbanā, Rabbī)
40;6;أَصۡحَٰبُ;die Gefährten;أَبۡنَآءُ;die Söhne;مُلُوكُ;die Könige;إِخۡوَٰنُ;die Brüder;wie Ṣaḥābah – die Prophetengefährten
40;6;ٱلنَّارِ;des Feuers;ٱلۡجَنَّةِ;des Paradieses;ٱلۡكَهۡفِ;der Höhle;ٱلۡفِيلِ;des Elefanten;Allāhumma ajirnī mina-n-nār
40;7;ٱلۡعَرۡشَ;den Thron;ٱلۡكِتَٰبَ;das Buch;ٱلۡجَبَلَ;den Berg;ٱلۡبَيۡتَ;das Haus;Rabbu-l-ʿArshi-l-ʿAẓīm
40;7;يُسَبِّحُونَ;sie preisen;يَصُومُونَ;sie fasten;يَنَامُونَ;sie schlafen;يَأۡكُلُونَ;sie essen;Tasbīḥ: Subḥānallāh
40;7;بِحَمۡدِ رَبِّهِمۡ;das Lob ihres Herrn;بِإِذۡنِ رَبِّهِمۡ;die Erlaubnis ihres Herrn;بِأَمۡرِ رَبِّهِمۡ;den Befehl ihres Herrn;بِكِتَٰبِ رَبِّهِمۡ;das Buch ihres Herrn;Taḥmīd: Subḥānallāhi wa bi-ḥamdih
40;7;وَيُؤۡمِنُونَ;und glauben;وَيَكۡفُرُونَ;und verleugnen;وَيَضۡحَكُونَ;und lachen;وَيَلۡعَبُونَ;und spielen;Īmān – Glaube (Arkān al-Īmān)
40;7;وَيَسۡتَغۡفِرُونَ;und bitten um Vergebung;وَيَسۡتَكۡبِرُونَ;und sind hochmütig;وَيَسۡتَهۡزِءُونَ;und spotten;وَيَسۡتَعۡجِلُونَ;und drängen zur Eile;Istighfār: Astaghfirullāh
40;7;رَبَّنَا;unser Herr;صَاحِبَنَا;unser Gefährte;أَخَانَا;unser Bruder;قَوۡمَنَا;unser Volk;Rabbanā ātinā fi-d-dunyā ḥasanah
40;7;رَّحۡمَةࣰ;an Barmherzigkeit;فِضَّةࣰ;an Silber;ذَهَبࣰا;an Gold;غَضَبࣰا;an Zorn;ar-Raḥmān, ar-Raḥīm – Basmala
40;7;وَعِلۡمࣰا;und Wissen;وَمَالࣰا;und Vermögen;وَطِينࣰا;und Lehm;وَمَآءࣰ;und Wasser;Rabbī zidnī ʿilmā
40;7;سَبِيلَكَ;Deinem Weg;بَيۡتَكَ;Deinem Haus;مَالَكَ;Deinem Vermögen;طَعَامَكَ;Deiner Speise;fī sabīlillāh – auf Allahs Weg
40;7;عَذَابَ;die Strafe;نَعِيمَ;die Wonne;كِتَٰبَ;das Buch;نُورَ;das Licht;ʿAdhāb al-Qabr – Strafe des Grabes
40;7;ٱلۡجَحِيمِ;des Höllenbrandes;ٱلۡجَنَّةِ;des Paradieses;ٱلۡفِرۡدَوۡسِ;des Firdaus;ٱلۡمَسۡجِدِ;der Moschee;al-Jaḥīm – ein Name der Hölle
40;8;جَنَّٰتِ;die Gärten;ظُلُمَٰتِ;die Finsternisse;صَلَوَٰتِ;die Gebete;كَلِمَٰتِ;die Worte;Jannah – das Paradies (Jannāt ʿAdn)
40;8;ٱلۡحَكِيمُ;der Allweise;ٱلرَّحِيمُ;der Barmherzige;ٱلۡغَفُورُ;der Allvergebende;ٱلۡعَلِيمُ;der Allwissende;99 Namen Allahs: al-Ḥakīm
40;9;ٱلسَّيِّـَٔاتِۚ;die bösen Taten;ٱلۡحَسَنَٰتِۚ;die guten Taten;ٱلصَّلَوَٰتِۚ;die Gebete;ٱلۡجَنَّٰتِۚ;die Gärten;Sayyiʾāt und Ḥasanāt – böse und gute Taten
40;9;رَحِمۡتَهُۥۚ;hast Du Dich erbarmt;عَذَّبۡتَهُۥۚ;hast Du bestraft;لَعَنۡتَهُۥۚ;hast Du verflucht;أَهۡلَكۡتَهُۥۚ;hast Du vernichtet;Raḥmah – Allāhumma-rḥamnī
40;9;ٱلۡفَوۡزُ;der Erfolg;ٱلۡخُسۡرَانُ;der Verlust;ٱلۡعَذَابُ;die Strafe;ٱلظُّلۡمُ;das Unrecht;al-Fawz al-ʿAẓīm – der große Erfolg
40;10;أَكۡبَرُ;größer;أَصۡغَرُ;kleiner;أَقۡرَبُ;näher;أَحۡسَنُ;schöner;Allāhu akbar – Takbīr
40;10;ٱلۡإِيمَٰنِ;dem Glauben;ٱلۡكُفۡرِ;dem Unglauben;ٱلۡبَٰطِلِ;dem Falschen;ٱلطَّعَامِ;dem Essen;Īmān – die sechs Glaubensartikel
40;11;بِذُنُوبِنَا;unsere Sünden;بِأَمۡوَٰلِنَا;unser Vermögen;بِأَوۡلَٰدِنَا;unsere Kinder;بِبُيُوتِنَا;unsere Häuser;Rabbanā-ghfir lanā dhunūbanā
40;11;سَبِيلࣲ;Weg;كِتَٰبࣲ;Buch;طَعَامࣲ;Essen;نَوۡمࣲ;Schlaf;Sabīl – Weg (fī sabīlillāh)
40;12;كَفَرۡتُمۡ;wart ihr ungläubig;صَبَرۡتُمۡ;wart ihr geduldig;شَكَرۡتُمۡ;wart ihr dankbar;سَجَدۡتُمۡ;warft ihr euch nieder;Kufr – Unglaube (Kāfir)
40;12;ٱلۡعَلِيِّ;dem Erhabenen;ٱلرَّحِيمِ;dem Barmherzigen;ٱلۡغَفُورِ;dem Allvergebenden;ٱلۡوَدُودِ;dem Liebevollen;Āyat al-Kursī: wa huwa-l-ʿaliyyu-l-ʿaẓīm
40;13;رِزۡقࣰاۚ;Versorgung;ذَهَبࣰاۚ;Gold;خُبۡزࣰاۚ;Brot;سَيۡفࣰاۚ;ein Schwert;Rizq – Versorgung (ar-Razzāq)
40;13;يَتَذَكَّرُ;bedenkt;يَتَكَبَّرُ;ist hochmütig;يَتَكَلَّمُ;spricht;يَتَأَخَّرُ;bleibt zurück;Dhikr – Gedenken (Tadhakkur)
40;14;ٱلدِّينَ;die Religion;ٱلۡمَالَ;das Vermögen;ٱلطَّعَامَ;das Essen;ٱلۡبَيۡتَ;das Haus;Dīn – Religion (Yawm ad-Dīn)
40;14;ٱلۡكَٰفِرُونَ;die Ungläubigen;ٱلۡمُؤۡمِنُونَ;die Gläubigen;ٱلۡمُسۡلِمُونَ;die Muslime;ٱلۡمُتَّقُونَ;die Gottesfürchtigen;Sūrat al-Kāfirūn (109)
40;15;ٱلرُّوحَ;den Geist;ٱلۡمَآءَ;das Wasser;ٱلۡحَجَرَ;den Stein;ٱلۡمَالَ;das Vermögen;ar-Rūḥ – Laylat al-Qadr (97:4)
40;15;عِبَادِهِۦ;Seinen Dienern;أَعۡدَآئِهِۦ;Seinen Feinden;بُيُوتِهِۦ;Seinen Häusern;ءَايَٰتِهِۦ;Seinen Zeichen;ʿAbd – Diener (ʿAbdullāh)
40;16;ٱلۡمُلۡكُ;die Herrschaft;ٱلۡكِتَٰبُ;das Buch;ٱلۡمَسۡجِدُ;die Moschee;ٱلۡبَيۡتُ;das Haus;Sūrat al-Mulk – lahu-l-mulk
40;16;ٱلۡوَٰحِدِ;dem Einen;ٱلرَّحۡمَٰنِ;dem Allerbarmer;ٱلۡكَرِيمِ;dem Edelmütigen;ٱلۡغَفُورِ;dem Allvergebenden;al-Wāḥid – Tawḥīd, 99 Namen
40;17;نَفۡسِۭ;Seele;جَبَلِۭ;Berg;بَحۡرِۭ;Meer;حَجَرِۭ;Stein;Nafs – Seele, Ego
40;17;ظُلۡمَ;Unrecht;صَوۡمَ;Fasten;نَوۡمَ;Schlaf;سَفَرَ;Reise;Ẓulm – Unrecht (Ẓālim)
40;18;ٱلۡقُلُوبُ;die Herzen;ٱلۡعُيُونُ;die Augen;ٱلنُّجُومُ;die Sterne;ٱلۡجِبَالُ;die Berge;Yā Muqallib al-qulūb – Duʿāʾ
40;18;شَفِيعࣲ;Fürsprecher;كِتَٰبࣲ;Buch;جَبَلࣲ;Berg;مَالࣲ;Vermögen;Shafāʿah – Fürsprache am Jüngsten Tag
40;19;ٱلۡأَعۡيُنِ;der Augen;ٱلۡجِبَالِ;der Berge;ٱلۡبُيُوتِ;der Häuser;ٱلنُّجُومِ;der Sterne;ʿAyn – Auge (al-ʿAyn, böser Blick)
40;19;ٱلصُّدُورُ;die Brüste;ٱلۡبِحَارُ;die Meere;ٱلۡأَشۡجَارُ;die Bäume;ٱلۡأَنۡهَٰرُ;die Flüsse;Rabbi-shraḥ lī ṣadrī (20:25)
40;20;بِٱلۡحَقِّۖ;nach der Wahrheit;بِٱلۡمَآءِۖ;mit dem Wasser;بِٱلسَّيۡفِۖ;mit dem Schwert;بِٱلۡقَلَمِۖ;mit dem Stift;al-Ḥaqq – die Wahrheit
40;20;ٱلسَّمِيعُ;der Allhörende;ٱلۡغَفُورُ;der Allvergebende;ٱلرَّحِيمُ;der Barmherzige;ٱلۡكَرِيمُ;der Edelmütige;Samiʿa-llāhu li-man ḥamidah – im Gebet
40;21;ٱلۡأَرۡضِ;der Erde;ٱلسَّمَآءِ;dem Himmel;ٱلۡجَنَّةِ;dem Paradies;ٱلۡقَبۡرِ;dem Grab;as-Samāwāt wa-l-Arḍ – Himmel und Erde
40;21;قُوَّةࣰ;an Kraft;رَحۡمَةࣰ;an Barmherzigkeit;نِعۡمَةࣰ;an Gnade;تَوۡبَةࣰ;an Reue;Lā ḥawla wa lā quwwata illā billāh
40;21;بِذُنُوبِهِمۡ;für ihre Sünden;بِحَسَنَٰتِهِمۡ;für ihre guten Taten;بِصَلَوَٰتِهِمۡ;für ihre Gebete;بِأَمۡوَٰلِهِمۡ;für ihr Vermögen;Dhunūb – Sünden (Istighfār)
40;22;رُسُلُهُم;ihre Gesandten;مُلُوكُهُم;ihre Könige;أَصۡحَٰبُهُم;ihre Gefährten;إِخۡوَٰنُهُم;ihre Brüder;Rusul – Gesandte (Īmān bi-r-rusul)
40;22;قَوِيࣱّ;stark;رَحِيمࣱ;barmherzig;كَرِيمࣱ;edelmütig;غَفُورࣱ;vergebend;99 Namen Allahs: al-Qawiyy
40;23;مُوسَىٰ;Mūsā;عِيسَىٰ;ʿĪsā;يَحۡيَىٰ;Yaḥyā;إِبۡرَٰهِيمَ;Ibrāhīm;Prophet Mūsā (Moses)
40;23;وَسُلۡطَٰنࣲ;und einer Ermächtigung;وَمَالࣲ;und Vermögen;وَكَنزࣲ;und einem Schatz;وَطَعَامࣲ;und Speise;Sulṭān – Macht, Herrscher
40;24;فِرۡعَوۡنَ;Pharao;سُلَيۡمَٰنَ;Sulaimān;دَاوُۥدَ;Dāwūd;يُوسُفَ;Yūsuf;Firʿawn – Pharao, Gegner Mūsās
40;24;سَٰحِرࣱ;ein Zauberer;مَلِكࣱ;ein König;عَالِمࣱ;ein Gelehrter;تَاجِرࣱ;ein Händler;Siḥr – Zauberei (Sāḥir)
40;25;بِٱلۡحَقِّ;mit der Wahrheit;بِٱلذَّهَبِ;mit dem Gold;بِٱلطَّعَامِ;mit dem Essen;بِٱلۡمَالِ;mit dem Vermögen;al-Ḥaqq – die Wahrheit (99 Namen)
40;25;أَبۡنَآءَ;die Söhne;ءَابَآءَ;die Väter;أَعۡدَآءَ;die Feinde;أَصۡحَٰبَ;die Gefährten;Ibn, Abnāʾ – Sohn, Söhne
40;25;ٱلۡكَٰفِرِينَ;der Ungläubigen;ٱلۡمُؤۡمِنِينَ;der Gläubigen;ٱلۡمُسۡلِمِينَ;der Muslime;ٱلۡمُتَّقِينَ;der Gottesfürchtigen;Kāfir – Ungläubiger (Kufr)
40;26;رَبَّهُۥٓۖ;seinen Herrn;قَوۡمَهُۥٓۖ;sein Volk;أَبَاهُۥٓۖ;seinen Vater;صَاحِبَهُۥٓۖ;seinen Gefährten;Rabb – Herr (Rabbī)
40;26;دِينَكُمۡ;eure Religion;أَمۡوَٰلَكُمۡ;euer Vermögen;بُيُوتَكُمۡ;eure Häuser;أَسۡمَآءَكُمۡ;eure Namen;Lakum dīnukum wa liya dīn (109:6)
40;27;عُذۡتُ;ich nehme Zuflucht;خَرَجۡتُ;ich gehe hinaus;ذَهَبۡتُ;ich gehe;رَجَعۡتُ;ich kehre zurück;Aʿūdhu billāhi mina-sh-shayṭāni-r-rajīm
40;27;ٱلۡحِسَابِ;der Abrechnung;ٱلۡجُمُعَةِ;des Freitags;ٱلۡعِيدِ;des Festes;ٱلسَّبۡتِ;des Sabbats;Duʿāʾ: yawma yaqūmu-l-ḥisāb (14:41)
40;28;مُّؤۡمِنࣱ;gläubig;كَافِرࣱ;ungläubig;فَقِيرࣱ;arm;كَبِيرࣱ;alt;Muʾmin – Gläubiger (Sure 40 heißt auch al-Muʾmin)
40;28;كَٰذِبࣰا;ein Lügner;مَلِكࣰا;ein König;طَبِيبࣰا;ein Arzt;عَالِمࣰا;ein Gelehrter;Kadhib – Lüge (Kādhib)
40;28;صَادِقࣰا;wahrhaftig;مَرِيضࣰا;krank;غَآئِبࣰا;abwesend;صَغِيرࣰا;klein;aṣ-Ṣādiq al-Amīn – der Prophet ﷺ
40;28;مُسۡرِفࣱ;maßlos;مُسۡلِمࣱ;ein Muslim;صَابِرࣱ;geduldig;مُحۡسِنࣱ;Gutes tuend;Isrāf – Maßlosigkeit (wa lā tusrifū)
40;29;ٱلۡمُلۡكُ;die Herrschaft;ٱلۡعِلۡمُ;das Wissen;ٱلۡمَالُ;das Vermögen;ٱلنُّورُ;das Licht;al-Mulk – Sūrat al-Mulk (67)
40;29;فِرۡعَوۡنُ;Pharao;يَعۡقُوبُ;Yaʿqūb;إِبۡرَٰهِيمُ;Ibrāhīm;لُقۡمَٰنُ;Luqmān;Firʿawn – Pharao
40;29;ٱلرَّشَادِ;des rechten Handelns;ٱلضَّلَٰلِ;des Irrtums;ٱلۡفَسَادِ;des Unheils;ٱلشَّيۡطَٰنِ;des Satans;ar-Rāshidūn – die rechtgeleiteten Kalifen
40;30;يَٰقَوۡمِ;O mein Volk;يَٰٓأَبَتِ;O mein Vater;يَٰبُنَيَّ;O mein Söhnchen;يَٰعِبَادِ;O meine Diener;Qawm – Volk (Yā qawmi)
40;30;ٱلۡأَحۡزَابِ;der Gruppierungen;ٱلۡعِيدِ;des Festes;ٱلۡجُمُعَةِ;des Freitags;ٱلۡفَتۡحِ;des Sieges;Sūrat al-Aḥzāb (33) – Grabenschlacht
40;31;وَثَمُودَ;und der Ṯamūd;وَمَدۡيَنَ;und Madyan;وَمِصۡرَ;und Ägypten;وَمَكَّةَ;und Mekka;Ṯamūd – Volk des Propheten Ṣāliḥ
40;31;لِّلۡعِبَادِ;für die Diener;لِّلۡجِبَالِ;für die Berge;لِّلۡأَشۡجَارِ;für die Bäume;لِّلۡبِحَارِ;für die Meere;ʿIbādullāh – Diener Allahs
40;32;أَخَافُ;ich fürchte;أُحِبُّ;ich liebe;أَعۡلَمُ;ich weiß;أَقۡرَأُ;ich lese;Khawf und Rajāʾ – Furcht und Hoffnung
40;32;يَوۡمَ;den Tag;شَهۡرَ;den Monat;لَيۡلَ;die Nacht;عَامَ;das Jahr;Yawm al-Qiyāmah – Tag der Auferstehung
40;33;يُضۡلِلِ;irregehen lässt;يَرۡزُقِ;versorgt;يَنصُرِ;hilft;يَغۡفِرِ;vergibt;wa la-ḍ-ḍāllīn – al-Fātiḥa
40;33;هَادࣲ;Rechtleiter;مَالࣲ;Vermögen;بَيۡتࣲ;Haus;طَعَامࣲ;Essen;al-Hādī – der Rechtleitende
40;34;يُوسُفُ;Yūsuf;إِسۡمَٰعِيلُ;Ismāʿīl;يَعۡقُوبُ;Yaʿqūb;إِسۡحَٰقُ;Isḥāq;Prophet Yūsuf – Sūrat Yūsuf (12)
40;34;رَسُولࣰاۚ;einen Gesandten;مَلِكࣰاۚ;einen König;طَعَامࣰاۚ;Speise;كَنزࣰاۚ;einen Schatz;Rasūl – Gesandter (Rasūlullāh)
40;34;يُضِلُّ;lässt irregehen;يَرۡزُقُ;versorgt;يَخۡلُقُ;erschafft;يَرۡحَمُ;erbarmt sich;Ḍalāl – Irregehen (aḍ-ḍāllīn)
40;35;سُلۡطَٰنٍ;Ermächtigung;مَالٍ;Vermögen;ذَهَبٍ;Gold;جُنُودٍ;Heerscharen;Sulṭān – Macht, Beweis
40;35;ءَامَنُواْۚ;die glauben;كَفَرُواْۚ;die ungläubig sind;ظَلَمُواْۚ;die Unrecht tun;كَذَبُواْۚ;die lügen;Yā ayyuha-lladhīna āmanū
40;35;قَلۡبِ;Herz;بَابِ;Tür;بَيۡتِ;Haus;وَجۡهِ;Gesicht;Qalbun salīm – ein heiles Herz (26:89)
40;36;فِرۡعَوۡنُ;Pharao;هَٰرُونُ;Hārūn;دَاوُۥدُ;Dāwūd;يُوسُفُ;Yūsuf;Firʿawn – Pharao zur Zeit Mūsās
40;36;ٱلۡأَسۡبَٰبَ;die Zugänge;ٱلۡأَنۡهَٰرَ;die Flüsse;ٱلۡأَشۡجَارَ;die Bäume;ٱلۡأَسۡوَاقَ;die Märkte;Sabab – Ursache, Grund
40;37;ٱلسَّمَٰوَٰتِ;der Himmel;ٱلۡجِبَالِ;der Berge;ٱلۡبِحَارِ;der Meere;ٱلۡبُيُوتِ;der Häuser;as-Samāwāt – die Himmel
40;37;عَمَلِهِۦ;seines Tuns;بَيۡتِهِۦ;seines Hauses;مَالِهِۦ;seines Vermögens;وَجۡهِهِۦ;seines Gesichts;Innama-l-aʿmālu bi-n-niyyāt – Ḥadīth
40;37;تَبَابࣲ;Untergang;سَلَٰمࣲ;Frieden;نَعِيمࣲ;Wonne;أَمَانࣲ;Sicherheit;Tabbat yadā Abī Lahab (111:1)
40;38;ٱتَّبِعُونِ;folgt mir;ٱتۡرُكُونِ;verlasst mich;ٱقۡتُلُونِ;tötet mich;ٱضۡرِبُونِ;schlagt mich;Fa-ttabiʿūnī yuḥbibkumu-llāh (3:31)
40;38;سَبِيلَ;den Weg;بَيۡتَ;das Haus;مَالَ;das Vermögen;سُوقَ;den Markt;Ibn as-Sabīl – der Reisende (Zakāt)
40;39;ٱلدُّنۡيَا;irdische;ٱلۡحُسۡنَىٰ;schönste;ٱلۡعُلۡيَا;höchste;ٱلۡوُسۡطَىٰ;mittlere;Dunyā – das Diesseits
40;39;ٱلۡأٓخِرَةَ;das Jenseits;ٱلۡكَعۡبَةَ;die Kaaba;ٱلۡقِبۡلَةَ;die Qibla;ٱلۡمَدِينَةَ;die Stadt;Ākhirah – Jenseits (fi-l-ākhirati ḥasanah)
40;40;سَيِّئَةࣰ;eine böse Tat;حَسَنَةࣰ;eine gute Tat;صَدَقَةࣰ;eine Spende;تِجَٰرَةࣰ;einen Handel;Sayyiʾa und Ḥasana – böse und gute Tat
40;40;ٱلۡجَنَّةَ;das Paradies;ٱلنَّارَ;das Feuer;ٱلۡمَسۡجِدَ;die Moschee;ٱلۡبَيۡتَ;das Haus;Jannah – das Paradies
40;40;حِسَابࣲ;Abrechnung;طَعَامࣲ;Essen;مَآءࣲ;Wasser;لِبَاسࣲ;Kleidung;bi-ghayri ḥisāb – Versorgung ohne Maß
40;41;ٱلنَّجَوٰةِ;der Rettung;ٱلۡفَسَادِ;dem Unheil;ٱلۡكُفۡرِ;dem Unglauben;ٱلشِّرۡكِ;der Beigesellung;Najāt – Rettung vor dem Feuer
40;41;ٱلنَّارِ;dem Feuer;ٱلۡجَنَّةِ;dem Paradies;ٱلصَّلَوٰةِ;dem Gebet;ٱلۡمَسۡجِدِ;der Moschee;an-Nār – das Höllenfeuer
40;42;عِلۡمࣱ;Wissen;مَالࣱ;Vermögen;وَلَدࣱ;Kind;بَيۡتࣱ;Haus;ʿIlm – Wissen (Ṭalab al-ʿilm)
40;42;ٱلۡغَفَّٰرِ;dem Allvergebenden;ٱلرَّزَّاقِ;dem Versorger;ٱلۡوَهَّابِ;dem Schenkenden;ٱلۡقَهَّارِ;dem Allbezwinger;99 Namen Allahs: al-Ghaffār
40;43;ٱلۡأٓخِرَةِ;dem Jenseits;ٱلۡمَسۡجِدِ;der Moschee;ٱلسُّوقِ;dem Markt;ٱلۡبَيۡتِ;dem Haus;Dunyā und Ākhirah – Diesseits und Jenseits
40;43;ٱلۡمُسۡرِفِينَ;die Maßlosen;ٱلۡمُؤۡمِنِينَ;die Gläubigen;ٱلصَّٰبِرِينَ;die Geduldigen;ٱلۡمُتَّقِينَ;die Gottesfürchtigen;Musrif – Verschwender (Isrāf)
40;43;ٱلنَّارِ;des Feuers;ٱلۡجَنَّةِ;des Paradieses;ٱلۡيَمِينِ;der Rechten;ٱلۡكَهۡفِ;der Höhle;Aṣḥāb an-Nār – Bewohner des Feuers
40;44;وَأُفَوِّضُ;und ich überlasse;وَأَكۡتُبُ;und ich schreibe;وَأَبِيعُ;und ich verkaufe;وَأَحۡمِلُ;und ich trage;Duʿāʾ: wa ufawwiḍu amrī ila-llāh
40;44;بَصِيرُۢ;sieht wohl;رَحِيمُۢ;ist barmherzig;كَرِيمُۢ;ist edelmütig;عَلِيمُۢ;ist allwissend;al-Baṣīr – der Allsehende (99 Namen)
40;45;فَوَقَىٰهُ;da bewahrte ihn;فَأَهۡلَكَهُ;da vernichtete ihn;فَأَغۡرَقَهُ;da ertränkte ihn;فَعَذَّبَهُ;da bestrafte ihn;Duʿāʾ: wa qinā ʿadhāba-n-nār
40;45;ٱلۡعَذَابِ;der Strafe;ٱلۡخُلُقِ;des Charakters;ٱلظَّنِّ;der Vermutung;ٱلۡأَدَبِ;des Benehmens;ʿAdhāb – Strafe (ʿadhāb an-nār)
40;46;ٱلنَّارُ;das Feuer;ٱلۡجَنَّةُ;das Paradies;ٱلشَّمۡسُ;die Sonne;ٱلۡبَحۡرُ;das Meer;an-Nār – das Höllenfeuer
40;46;ٱلسَّاعَةُ;die Stunde;ٱلصَّلَوٰةُ;das Gebet;ٱلۡحَرۡبُ;der Krieg;ٱلسُّوقُ;der Markt;as-Sāʿah – die Stunde (Jüngster Tag)
40;47;ٱلنَّارِ;dem Feuer;ٱلۡجَنَّةِ;dem Paradies;ٱلۡبَحۡرِ;dem Meer;ٱلۡكَهۡفِ;der Höhle;Nār – Feuer (ʿadhāb an-nār)
40;47;ٱلضُّعَفَٰٓؤُاْ;die Schwachen;ٱلۡعُلَمَٰٓؤُاْ;die Gelehrten;ٱلۡمَلَٰٓئِكَةُ;die Engel;ٱلۡأَطۡفَٰلُ;die Kinder;Ḍaʿīf – schwach (schwacher Ḥadīth)
40;47;نَصِيبࣰا;einen Teil;كِتَٰبࣰا;ein Buch;ذَهَبࣰا;Gold;قَمِيصࣰا;ein Hemd;Naṣīb – Anteil, Schicksal
40;48;ٱسۡتَكۡبَرُوٓاْ;hochmütig waren;ٱسۡتَغۡفَرُوٓاْ;um Vergebung baten;ٱسۡتَقَٰمُوٓاْ;standhaft blieben;ٱسۡتَجَابُوٓاْ;Folge leisteten;Istikbār – Hochmut (Iblīs: abā wa-stakbara)
40;48;ٱلۡعِبَادِ;den Dienern;ٱلنُّجُومِ;den Sternen;ٱلۡبِحَارِ;den Meeren;ٱلۡبُيُوتِ;den Häusern;ʿIbād – Diener Allahs
40;49;جَهَنَّمَ;der Hölle;مَكَّةَ;Mekkas;مِصۡرَ;Ägyptens;يَثۡرِبَ;Yathribs;Jahannam – die Hölle
40;49;رَبَّكُمۡ;euren Herrn;قَوۡمَكُمۡ;euer Volk;أَبَاكُمۡ;euren Vater;إِخۡوَٰنَكُمۡ;eure Brüder;Rabb – Herr (Rabbunā-llāh)
40;50;رُسُلُكُم;eure Gesandten;مُلُوكُكُم;eure Könige;أَبۡنَآؤُكُم;eure Söhne;إِخۡوَٰنُكُم;eure Brüder;Rusul – Gesandte Allahs
40;50;دُعَٰٓؤُاْ;das Rufen;طَعَامُ;das Essen;بُيُوتُ;die Häuser;أَمۡوَٰلُ;das Vermögen;Duʿāʾ – Bittgebet
40;51;لَنَنصُرُ;helfen gewiss;لَنَتۡرُكُ;verlassen gewiss;لَنُهۡلِكُ;vernichten gewiss;لَنَطۡرُدُ;vertreiben gewiss;Naṣr – Hilfe (Sūrat an-Naṣr)
40;51;ٱلۡأَشۡهَٰدُ;die Zeugen;ٱلۡأَنۡهَٰرُ;die Flüsse;ٱلۡأَشۡجَارُ;die Bäume;ٱلۡأَسۡوَاقُ;die Märkte;Shahāda – Glaubenszeugnis (Ashhadu)
40;52;ٱلظَّٰلِمِينَ;den Ungerechten;ٱلۡمُؤۡمِنِينَ;den Gläubigen;ٱلصَّٰدِقِينَ;den Wahrhaftigen;ٱلۡمُحۡسِنِينَ;den Gutes Tuenden;Ẓālim – Ungerechter (Ẓulm)
40;52;ٱللَّعۡنَةُ;der Fluch;ٱلرَّحۡمَةُ;die Barmherzigkeit;ٱلۡجَنَّةُ;das Paradies;ٱلسَّلَٰمُ;der Friede;Laʿnah – Fluch (Laʿnatullāh)
40;53;ٱلۡهُدَىٰ;die Rechtleitung;ٱلۡمَالَ;das Vermögen;ٱلذَّهَبَ;das Gold;ٱلۡمُلۡكَ;die Herrschaft;Hudā – Rechtleitung (Ihdina-ṣ-ṣirāṭ)
40;53;إِسۡرَٰٓءِيلَ;Isrāʾīls;ءَادَمَ;Ādams;إِبۡرَٰهِيمَ;Ibrāhīms;إِسۡمَٰعِيلَ;Ismāʿīls;Banū Isrāʾīl – die Kinder Israels
40;54;وَذِكۡرَىٰ;und Ermahnung;وَسَلۡوَىٰ;und Wachteln;وَشَكۡوَىٰ;und Klage;وَفَتۡوَىٰ;und Fatwa;Dhikr – Gedenken, Ermahnung
40;54;ٱلۡأَلۡبَٰبِ;des Verstandes;ٱلۡأَمۡوَٰلِ;des Vermögens;ٱلۡأَبۡوَٰبِ;der Tore;ٱلۡأَنۡعَٰمِ;des Viehs;Ulu-l-albāb – Leute des Verstandes (3:190)
40;55;وَٱسۡتَغۡفِرۡ;und bitte um Vergebung;وَٱسۡتَمِعۡ;und hör zu;وَٱسۡتَقِمۡ;und sei aufrecht;وَٱسۡتَعِذۡ;und suche Zuflucht;Istighfār – Astaghfirullāha wa atūbu ilayh
40;55;وَسَبِّحۡ;und preise;وَعَلِّمۡ;und lehre;وَبَشِّرۡ;und verkünde;وَذَكِّرۡ;und ermahne;Tasbīḥ – Subḥāna rabbiya-l-ʿaẓīm
40;56;كِبۡرࣱ;Hochmut;نُورࣱ;Licht;إِيمَٰنࣱ;Glaube;حُبࣱّ;Liebe;Kibr – Hochmut (Ḥadīth vom Staubkorn)
40;56;فَٱسۡتَعِذۡ;so nimm Zuflucht;فَٱسۡتَمِعۡ;so hör zu;فَٱسۡتَقِمۡ;so sei aufrecht;فَٱسۡتَبۡشِرۡ;so freue dich;Aʿūdhu billāh – Istiʿādha
40;56;ٱلۡبَصِيرُ;der Allsehende;ٱلۡوَدُودُ;der Liebevolle;ٱلۡحَلِيمُ;der Nachsichtige;ٱلۡمَجِيدُ;der Ruhmreiche;99 Namen Allahs: al-Baṣīr
40;57;ٱلنَّاسِ;der Menschen;ٱلنَّحۡلِ;der Bienen;ٱلنَّمۡلِ;der Ameisen;ٱلۡفِيلِ;des Elefanten;Sūrat an-Nās (114)
40;57;يَعۡلَمُونَ;wissen;يَأۡكُلُونَ;essen;يَنَامُونَ;schlafen;يَكۡتُبُونَ;schreiben;ʿIlm – Wissen (ʿĀlim)
40;58;ٱلۡأَعۡمَىٰ;der Blinde;ٱلۡأَتۡقَىٰ;der Gottesfürchtigste;ٱلۡيَتَٰمَىٰ;die Waisen;ٱلۡمَوۡتَىٰ;die Toten;Sūrat ʿAbasa: an jāʾahu-l-aʿmā
40;58;ٱلصَّٰلِحَٰتِ;die guten Werke;ٱلسَّيِّـَٔاتِ;die bösen Taten;ٱلشَّهَوَٰتِ;die Begierden;ٱلظُّلُمَٰتِ;die Finsternisse;Sūrat al-ʿAṣr: wa ʿamilu-ṣ-ṣāliḥāt
40;59;ٱلسَّاعَةَ;die Stunde;ٱلصَّلَوٰةَ;das Gebet;ٱلۡجُمُعَةَ;den Freitag;ٱلسَّفِينَةَ;das Schiff;as-Sāʿah – Zeichen der Stunde
40;59;رَيۡبَ;Zweifel;خَيۡرَ;Gutes;بَيۡعَ;Handel;نَوۡمَ;Schlaf;Dhālika-l-kitābu lā rayba fīh (2:2)
40;60;ٱدۡعُونِيٓ;ruft Mich an;ذَرُونِيٓ;lasst Mich;ٱنتَظِرُونِيٓ;wartet auf Mich;ٱتَّبِعُونِيٓ;folgt Mir;Duʿāʾ: Udʿūnī astajib lakum
40;60;جَهَنَّمَ;die Hölle;بَابِلَ;Babylon;مَدۡيَنَ;Madyan;مِصۡرَ;Ägypten;Jahannam – das Höllenfeuer
40;61;ٱلَّيۡلَ;die Nacht;ٱلشَّمۡسَ;die Sonne;ٱلسُّوقَ;den Markt;ٱلطَّرِيقَ;den Weg;Laylat al-Qadr – Nacht der Bestimmung
40;61;فَضۡلٍ;Huld;بَحۡرٍ;Meer;جَبَلٍ;Berg;حَجَرٍ;Stein;Faḍl – Gunst (Hādhā min faḍli rabbī)
40;61;يَشۡكُرُونَ;danken;يَكۡتُبُونَ;schreiben;يَعۡمَلُونَ;arbeiten;يَنَامُونَ;schlafen;Shukr – Dank (Alḥamdulillāh)
40;62;رَبُّكُمۡ;euer Herr;قَوۡمُكُمۡ;euer Volk;صَاحِبُكُمۡ;euer Gefährte;مَالُكُمۡ;euer Vermögen;Rabb – Grabesfrage: Man rabbuk?
40;62;لَّآ إِلَٰهَ إِلَّا هُوَۖ;kein Gott außer Ihm;رَبِّ ٱشۡرَحۡ لِي صَدۡرِيۖ;Mein Herr, weite mir meine Brust;لَا حَوۡلَ وَلَا قُوَّةَۖ;keine Macht und keine Kraft;ٱلۡحَمۡدُ لِلَّهِ رَبِّ ٱلۡعَٰلَمِينَۖ;Lob sei Allah, dem Herrn der Welten;Schahāda: Lā ilāha illa-llāh
40;63;بِـَٔايَٰتِ;die Zeichen;بِأَمۡوَٰلِ;das Vermögen;بِبُيُوتِ;die Häuser;بِجِبَالِ;die Berge;Āyāt – Zeichen, Verse
40;64;ٱلۡأَرۡضَ;die Erde;ٱلشَّمۡسَ;die Sonne;ٱلۡقَمَرَ;den Mond;ٱلۡبَحۡرَ;das Meer;al-Arḍ – die Erde
40;64;ٱلطَّيِّبَٰتِۚ;den guten Dingen;ٱلۡخَبَٰٓئِثِۚ;den schlechten Dingen;ٱلسَّيِّـَٔاتِۚ;den bösen Taten;ٱلظُّلُمَٰتِۚ;den Finsternissen;Kalima Ṭayyiba – das gute Wort
40;64;فَتَبَارَكَ;segensreich ist;فَتَقَبَّلَ;da nahm an;فَتَجَلَّىٰ;da offenbarte sich;فَتَابَ;da wandte sich zu;Tabāraka – Barakah, Sūrat al-Mulk
40;65;ٱلۡحَيُّ;der Lebendige;ٱلۡغَنِيُّ;der Unbedürftige;ٱلۡعَلِيُّ;der Erhabene;ٱلۡوَلِيُّ;der Schutzherr;al-Ḥayy al-Qayyūm – Āyat al-Kursī
40;65;ٱلۡحَمۡدُ لِلَّهِ;alles Lob gebührt Allah;بِسۡمِ ٱللَّهِ;im Namen Allahs;أَسۡتَغۡفِرُ ٱللَّهَ;ich bitte Allah um Vergebung;ٱللَّهُ أَكۡبَرُ;Allah ist am größten;Alḥamdulillāh – al-Fātiḥa
40;66;أَعۡبُدَ;ich diene;أَكۡتُبَ;ich schreibe;أَضۡرِبَ;ich schlage;أَقۡرَأَ;ich lese;Iyyāka naʿbudu – Dir dienen wir
40;66;رَّبِّي;meinem Herrn;قَوۡمِي;meinem Volk;أَبِي;meinem Vater;صَاحِبِي;meinem Gefährten;Rabbī – mein Herr (Rabbī zidnī ʿilmā)
40;66;أُسۡلِمَ;ich ergebe mich;أُشۡرِكَ;ich geselle bei;أُفۡسِدَ;ich stifte Unheil;أُنكِرَ;ich verleugne;Islām – Hingabe an Allah (Muslim)
40;67;تُرَابࣲ;Erde;نَارࣲ;Feuer;نُورࣲ;Licht;ذَهَبࣲ;Gold;Turāb – Erde (Tayammum, Ādam aus Erde)
40;67;عَلَقَةࣲ;einem Anhängsel;شَجَرَةࣲ;einem Baum;نَخۡلَةࣲ;einer Palme;صَخۡرَةࣲ;einem Felsen;Sūrat al-ʿAlaq (96)
40;67;أَجَلࣰا;eine Frist;بَابࣰا;eine Tür;جَبَلࣰا;einen Berg;بَيۡتࣰا;ein Haus;Ajal – die Lebensfrist
40;67;تَعۡقِلُونَ;begreift;تَأۡكُلُونَ;esst;تَنَامُونَ;schlaft;تَلۡعَبُونَ;spielt;ʿAql – Verstand (afalā taʿqilūn)
40;68;كُن فَيَكُونُ;Sei!, und es ist;ٱقۡرَأۡ بِٱسۡمِ;Lies im Namen;قُمۡ فَأَنذِرۡ;Steh auf und warne;كُلُواْ وَٱشۡرَبُواْ;Esst und trinkt;Kun fa-yakūn – Sei!, und es ist
40;69;يُجَٰدِلُونَ;streiten;يُقَٰتِلُونَ;kämpfen;يُسَٰرِعُونَ;eilen;يُهَٰجِرُونَ;wandern aus;Lā jidāla fi-l-ḥajj (2:197)
40;69;ءَايَٰتِ;die Zeichen;بُيُوتِ;die Häuser;أَمۡوَٰلِ;das Vermögen;جِبَالِ;die Berge;Āyāt – Zeichen, Verse des Qurʾān
40;70;بِٱلۡكِتَٰبِ;das Buch;بِٱلۡبَحۡرِ;das Meer;بِٱلطَّعَامِ;das Essen;بِٱلذَّهَبِ;das Gold;Kitāb – Buch (Ahl al-Kitāb)
40;70;يَعۡلَمُونَ;wissen;يَضۡحَكُونَ;lachen;يَنَامُونَ;schlafen;يَلۡعَبُونَ;spielen;Kallā sawfa taʿlamūn (102:3)
40;71;وَٱلسَّلَٰسِلُ;und die Ketten;وَٱلۡأَزۡهَارُ;und die Blumen;وَٱلۡخَوَاتِمُ;und die Ringe;وَٱلۡكُتُبُ;und die Bücher;Silsila – Kette (Überlieferungskette)
40;72;ٱلۡحَمِيمِ;dem siedenden Wasser;ٱلۡعَسَلِ;dem Honig;ٱللَّبَنِ;der Milch;ٱلۡمِسۡكِ;dem Moschus;Ḥamīm – siedendes Wasser der Hölle
40;72;ٱلنَّارِ;dem Feuer;ٱلۡجَنَّةِ;dem Paradies;ٱلۡمَسۡجِدِ;der Moschee;ٱلۡكَهۡفِ;der Höhle;an-Nār – das Höllenfeuer
40;73;تُشۡرِكُونَ;ihr beigesellt;تَأۡكُلُونَ;ihr esst;تَكۡتُبُونَ;ihr schreibt;تَقۡرَءُونَ;ihr lest;Shirk – Beigesellung (Gegenteil von Tawḥīd)
40;74;ضَلُّواْ;sie sind entschwunden;ضَحِكُواْ;sie lachten;نَامُواْ;sie schliefen;سَجَدُواْ;sie warfen sich nieder;Ḍalāl – Irregehen (wa la-ḍ-ḍāllīn)
40;74;ٱلۡكَٰفِرِينَ;die Ungläubigen;ٱلصَّٰدِقِينَ;die Wahrhaftigen;ٱلۡمُحۡسِنِينَ;die Gutes Tuenden;ٱلصَّٰبِرِينَ;die Geduldigen;Kāfir – Ungläubiger (Sūrat al-Kāfirūn)
40;75;تَفۡرَحُونَ;frohlockt;تَبۡكُونَ;weint;تَنَامُونَ;schlaft;تُصَلُّونَ;betet;Faraḥ – Freude (Name Farah)
40;75;ٱلۡحَقِّ;Recht;ٱلطَّعَامِ;Essen;ٱلۡمَآءِ;Wasser;ٱلذَّهَبِ;Gold;al-Ḥaqq – Wahrheit, Recht
40;76;أَبۡوَٰبَ;die Tore;مَسَٰجِدَ;die Moscheen;حَدَآئِقَ;die Gärten;أَسۡوَاقَ;die Märkte;Bāb ar-Rayyān – Tor des Paradieses
40;76;ٱلۡمُتَكَبِّرِينَ;der Hochmütigen;ٱلۡمُتَّقِينَ;der Gottesfürchtigen;ٱلۡمُحۡسِنِينَ;der Gutes Tuenden;ٱلصَّٰبِرِينَ;der Geduldigen;Kibr – Hochmut (al-Mutakabbir)
40;77;فَٱصۡبِرۡ;so sei standhaft;فَٱنظُرۡ;so schau;فَٱخۡرُجۡ;so geh hinaus;فَٱرۡجِعۡ;so kehre zurück;Ṣabrun jamīl – schöne Geduld
40;77;يُرۡجَعُونَ;werden sie zurückgebracht;يُرۡزَقُونَ;werden sie versorgt;يُظۡلَمُونَ;erleiden sie Unrecht;يُكۡرَمُونَ;werden sie geehrt;Innā lillāhi wa innā ilayhi rājiʿūn
40;78;رُسُلࣰا;Gesandte;مُلُوكࣰا;Könige;تُجَّارࣰا;Händler;جُنُودࣰا;Heerscharen;Rusul – Gesandte (Īmān bi-r-rusul)
40;78;قَصَصۡنَا;Wir haben berichtet;خَلَقۡنَا;Wir haben erschaffen;أَنزَلۡنَا;Wir haben herabgesandt;جَعَلۡنَا;Wir haben gemacht;Qaṣaṣ al-Anbiyāʾ – Prophetengeschichten
40;78;بِإِذۡنِ;mit Erlaubnis;بِبَيۡتِ;mit dem Haus;بِسَيۡفِ;mit dem Schwert;بِنَاقَةِ;mit der Kamelstute;bi-idhni-llāh – mit Allahs Erlaubnis
40;78;ٱلۡمُبۡطِلُونَ;die für nichtig Erklärenden;ٱلۡمُؤۡمِنُونَ;die Gläubigen;ٱلۡمُتَّقُونَ;die Gottesfürchtigen;ٱلصَّٰبِرُونَ;die Geduldigen;Bāṭil – das Nichtige (Ḥaqq und Bāṭil)
40;79;ٱلۡأَنۡعَٰمَ;das Vieh;ٱلۡأَنۡهَٰرَ;die Flüsse;ٱلۡجِبَالَ;die Berge;ٱلنُّجُومَ;die Sterne;Sūrat al-Anʿām (6)
40;79;تَأۡكُلُونَ;esst ihr;تَكۡتُبُونَ;schreibt ihr;تَنَامُونَ;schlaft ihr;تَقۡرَءُونَ;lest ihr;Akl – Essen (Bismillāh vor dem Essen)
40;80;مَنَٰفِعُ;Nutzen;مَسَٰجِدُ;Moscheen;مَصَٰبِيحُ;Lampen;مَدَآئِنُ;Städte;Manāfiʿ – Nutzen (Ḥajj, 22:28)
40;80;ٱلۡفُلۡكِ;den Schiffen;ٱلۡجِبَالِ;den Bergen;ٱلسَّحَابِ;den Wolken;ٱلنُّجُومِ;den Sternen;Fulk – Schiff (Arche Nūḥs)
40;81;ءَايَٰتِهِۦ;Seine Zeichen;جَنَّٰتِهِۦ;Seine Gärten;سَمَٰوَٰتِهِۦ;Seine Himmel;بَرَكَٰتِهِۦ;Seine Segnungen;Āyāt – die Zeichen Allahs
40;81;تُنكِرُونَ;leugnet ihr;تُنفِقُونَ;gebt ihr aus;تُطۡعِمُونَ;speist ihr;تُرۡسِلُونَ;sendet ihr;Munkar – das Verwerfliche (Nahy ʿan al-munkar)
40;82;ٱلۡأَرۡضِ;der Erde;ٱلسَّمَآءِ;dem Himmel;ٱلۡكَهۡفِ;der Höhle;ٱلۡمَسۡجِدِ;der Moschee;al-Arḍ – die Erde
40;82;أَكۡثَرَ;zahlreicher;أَصۡغَرَ;kleiner;أَفۡقَرَ;ärmer;أَضۡعَفَ;schwächer;Kathīr – viel (at-Takāthur)
40;82;قُوَّةࣰ;an Kraft;رَحۡمَةࣰ;an Barmherzigkeit;صَدَقَةࣰ;an Spende;تَوۡبَةࣰ;an Reue;Quwwah – Kraft (lā quwwata illā billāh)
40;83;ٱلۡعِلۡمِ;dem Wissen;ٱلطَّعَامِ;dem Essen;ٱلذَّهَبِ;dem Gold;ٱلۡمَالِ;dem Vermögen;ʿIlm – Wissen (Ṭalab al-ʿilm farīḍa)
40;83;يَسۡتَهۡزِءُونَ;machen sich lustig;يَسۡتَغۡفِرُونَ;bitten um Vergebung;يَسۡتَعِينُونَ;bitten um Hilfe;يَسۡتَقِيمُونَ;bleiben aufrecht;Istihzāʾ – Spott über die Religion
40;84;ءَامَنَّا;wir glauben;سَمِعۡنَا;wir hören;أَطَعۡنَا;wir gehorchen;نَسِينَا;wir vergessen;Āmantu billāh – ich glaube an Allah
40;84;وَحۡدَهُۥ;allein;قَبۡلَهُۥ;vor Ihm;بَعۡدَهُۥ;nach Ihm;بَيۡتَهُۥ;Sein Haus;Lā ilāha illa-llāhu waḥdahu lā sharīka lah
40;85;إِيمَٰنُهُمۡ;ihr Glaube;طَعَامُهُمۡ;ihr Essen;لِبَاسُهُمۡ;ihre Kleidung;نَوۡمُهُمۡ;ihr Schlaf;Īmān – Glaube (Arkān al-Īmān)
40;85;سُنَّتَ;die Gesetzmäßigkeit;نَاقَةَ;die Kamelstute;بَيۡتَ;das Haus;نِعۡمَتَ;die Gnade;Sunnah – Weg, Praxis (Sunnat an-Nabī)
40;85;ٱلۡكَٰفِرُونَ;die Ungläubigen;ٱلصَّٰبِرُونَ;die Geduldigen;ٱلصَّٰدِقُونَ;die Wahrhaftigen;ٱلۡمُحۡسِنُونَ;die Gutes Tuenden;Sūrat al-Kāfirūn (109)
