Sura;Vers;Fragment;Aussage;Frage (wird vom nächsten Fragment beantwortet)
40;1;0;Die Sure Ġāfir will nach al-Biqāʿī den unberechtigten Streit gegen die Offenbarung entlarven und den Gesandten ﷺ sowie die Gläubigen trösten.;Womit eröffnet die Sure, um die Aufmerksamkeit auf das Buch zu lenken?
40;1;1;Mit zwei einzelnen Buchstaben, aus denen auch die arabische Sprache des Qurʾān besteht. So lenkt die Sure den Blick auf das Wunder dieser Sprache.;Wenn das Buch aus solchen Buchstaben besteht: Woher kommt es?
40;2;1;Es ist keine Menschendichtung, sondern herabgesandt von Allah, dem Allmächtigen (niemand kann es aufhalten oder verfälschen), dem Allwissenden (es ist voll von Wissen).;Wie begegnet dieser mächtige Absender den Menschen, die das Buch hören?
40;3;1;"Wer umkehrt, dem vergibt Er und nimmt seine Reue an; wer hochmütig bleibt, den straft Er streng. Als Besitzer der Fülle (Ḏī aṭ-Ṭawl) lässt Er Seine Gunst allem vorausgehen.";Gibt es neben diesem Vergebenden und Strafenden noch einen anderen, an den man sich wenden kann?
40;3;2;Nein, es gibt keinen Gott außer Ihm. Nach al-Biqāʿī ist damit jede Fluchtmöglichkeit zu einem anderen ausgeschlossen.;Und wohin führt am Ende der Weg aller Menschen?
40;3;3;Zu Ihm kehren alle ausnahmslos zurück. Damit steht fest: Das Buch kommt vom Allmächtigen, Allwissenden, Barmherzigen und Gerechten, dem niemand entkommt.;Wenn das alles so klar ist: Warum streiten manche trotzdem über dieses Buch?
40;4;1;Nicht aus Mangel an Beweisen: Über die Zeichen Allahs streiten nur die Ungläubigen, und zwar aus Unglauben und Hochmut.;Wie soll der Prophet ﷺ ihre Macht und ihren Handelserfolg im Land ansehen?
40;4;2;Ihr Erfolg und ihr Umherreisen in den Ländern soll dich (den Propheten ﷺ) nicht täuschen. Nach al-Biqāʿī ist dieses Wohlleben nur ein zeitweiliger Aufschub.;Sind die heutigen Leugner die ersten, die die Botschaft zurückweisen?
40;5;1;Nein, schon vor ihnen leugneten das Volk Nūḥs und die Gruppen nach ihnen. Das Leugnen ist keine neue Erfindung der Quraisch, sondern die Methode früherer Völker.;Blieb es bei den früheren Völkern beim bloßen Leugnen ihrer Gesandten?
40;5;2;Nein, jede Gemeinschaft plante gegen ihren Gesandten und wollte sich seiner bemächtigen. Aus dem Leugnen wurde ein Vorgehen gegen seine Person.;Und womit versuchten sie, die Botschaft ihrer Gesandten zu Fall zu bringen?
40;5;3;Sie stritten mit dem Falschen, um die Wahrheit zu widerlegen, genau wie die Streiter aus Vers 4. Doch Allah ﷻ ergriff sie und vernichtete sie.;Welcher Name Allahs aus Vers 3 wird durch dieses Ergreifen bestätigt?
40;5;4;Die rhetorische Frage „Wie war da Meine Bestrafung!“ bestätigt den Namen Šadīd al-ʿIqāb, „streng im Strafen“, aus Vers 3.;Gilt das nur für die Völker von damals?
40;6;1;Nein, genauso steht das Wort deines Herrn auch über die heutigen Leugner fest: Sie sind die Gefährten des Feuers. Ihre Rastlosigkeit im Land (Vers 4) endet im Feuer.;Und die Gläubigen, die von diesen Streitenden bedrängt werden: Stehen sie allein da?
40;7;1;Nein: Während auf der Erde gestritten wird, preisen die gewaltigsten Geschöpfe, die Träger des Throns und die Engel um ihn, Allah und bitten um Vergebung für die Gläubigen.;Auf welche Eigenschaften Allahs stützen die Engel ihre Bitte um Vergebung?
40;7;2;"Auf Seine Barmherzigkeit und Sein Wissen, die alles umfassen; so bitten sie um Vergebung für die Reuigen. Das greift al-ʿAlīm, Ġāfir aḏ-Ḏanb und Qābil at-Tawb aus Vers 2–3 auf.";Wovor sollen die reuigen Gläubigen nach der Bitte der Engel bewahrt werden?
40;7;3;Vor der Strafe des Höllenbrandes. Was Allah am Anfang über Seine Barmherzigkeit offenbarte, setzen die Engel hier in Fürbitte für die Gläubigen um.;Reicht es den Gläubigen, nur vor der Hölle bewahrt zu werden?
40;8;1;Nein, die Engel bitten auch um das Gute: den Eintritt in die Gärten von ʿAdn mit den rechtschaffenen Vätern, Ehepartnern und Nachkommen. Verwandtschaft ohne Glauben nützt nichts.;Mit welchen Namen Allahs begründen die Engel diese Bitte?
40;8;2;Sie begründen ihre Bitte mit Allahs Namen: Er ist der Allmächtige und der Allweise. Wie schon in Vers 7 stützen die Engel ihr Gebet auf Seine Eigenschaften.;Was erbitten die Engel außerdem, damit die Gläubigen sicher ins Paradies gelangen?
40;9;1;Die Engel bitten auch um Schutz vor den schlechten Taten und deren Folgen (wa-qihimu-s-sayyiʾāt), damit die Gläubigen sicher ins Paradies gelangen.;Was bedeutet es für jemanden, wenn Allah ihn an jenem Tag davor bewahrt?
40;9;2;Wen Allah an jenem Tag vor den bösen Taten und ihren Folgen bewahrt, dessen hat Er sich erbarmt. Diese Bewahrung ist selbst ein Zeichen Seiner Barmherzigkeit.;Wie ist diese Bewahrung im Vergleich zum Gewinn der Ungläubigen aus Vers 4 einzuordnen?
40;9;3;Sie ist der gewaltige Gewinn. Nach al-Biqāʿī ist er der wahre Gegensatz zum scheinbaren Gewinn der Ungläubigen, deren irdischen Reichtum Vers 4 erwähnte.;Und wie ergeht es an jenem Tag den Ungläubigen?
40;10;1;Als sie ihr Verderben sehen, verabscheuen sie sich selbst. Doch ihnen wird zugerufen: Allahs Abscheu war noch größer, als ihr im Diesseits zum Glauben gerufen wurdet und ablehntet.;Was sagen die Ungläubigen daraufhin zu ihrem Herrn?
40;11;1;Zu spät erkennen sie an, dass Allah sie zweimal sterben und zweimal leben ließ. Sie gestehen ihre Sünden und fragen nach einem Weg hinaus, doch diese Hoffnung ist reine Illusion.;Warum gibt es für sie keinen Ausweg?
40;12;1;Weil sie ungläubig waren, wenn Allah allein angerufen wurde. Sie nahmen Anstoß an Seiner reinen Einheit (Tawḥīd).;Und wann dagegen waren sie zum Glauben bereit?
40;12;2;Wenn Ihm andere beigesellt wurden, glaubten sie. Al-Biqāʿī sieht darin die innere Verdorbenheit ihrer Herzen: Sie freuten sich am Götzendienst (Širk).;Wem gehört deshalb das Urteil über sie?
40;12;3;Das gerechte Urteil gehört allein Allah, der über allem erhaben ist: dem Erhabenen, dem Großen (al-ʿAlī, al-Kabīr).;Hätten sie Allahs Einzigkeit schon im Diesseits erkennen können?
40;13;1;Ja, Er zeigt euch ständig Seine Zeichen und sendet euch Versorgung vom Himmel: Regen und damit geistige wie materielle Nahrung. Die Beweise Seiner Einzigkeit umgeben euch.;Ziehen denn alle Menschen aus diesen Zeichen eine Lehre?
40;13;2;Nein, nur wer reumütig zu Allah umkehrt, lässt sich ermahnen. Wer hochmütig streitet, sieht diese Zeichen nicht.;Was folgt daraus, dass Er allein Zeichen zeigt und Versorgung herabsendet?
40;14;1;So ruft Allah allein an, aufrichtig in der Religion, auch wenn es den Ungläubigen zuwider ist. Das „Fa“ in „fa-dʿū“ markiert diesen Aufruf als Folge aus Vers 13.;Warum gebührt der aufrichtige Dienst nur Ihm und keinem anderen?
40;15;1;Weil Er über alle Ränge erhaben ist und der Herr des Throns. Er sendet die Offenbarung (ar-Rūḥ, die tote Herzen lebendig macht) auf Seine Gesandten, um vor dem Tag der Begegnung zu warnen.;Was geschieht mit den Menschen an diesem Tag der Begegnung?
40;16;1;An diesem Tag treten alle offen hervor. Es gibt keine Schleier mehr, keine Machtansprüche von Herrschern und keinen Raum für Streit oder Götzen.;Kann dann noch etwas von ihnen vor Allah verborgen sein?
40;16;2;Nein, nichts von ihnen bleibt Allah verborgen. Da es keine Schleier mehr gibt, liegt alles an ihnen offen vor Ihm.;Welche Frage stellt Allah an jenem Tag der ganzen Schöpfung?
40;16;3;Er fragt: „Wem gehört heute die Herrschaft?“ Nach al-Biqāʿī schweigt die gesamte Schöpfung in Ehrfurcht vor der Wucht dieser Frage.;Welche Antwort folgt auf diese Frage, während alles schweigt?
40;16;4;Die Antwort lautet: Allah, dem Einen, dem Allbezwinger. Damit ist das trügerische Umherziehen und Prahlen der Ungläubigen aus Vers 4 endgültig vorbei.;Was folgt aus dieser alleinigen Herrschaft an jenem Tag?
40;17;1;Aus Seiner alleinigen Herrschaft folgt vollkommene Gerechtigkeit: Heute bekommt jede Seele genau das vergolten, was sie selbst erworben hat.;Wird dabei einer Seele mehr angelastet, als sie verdient hat?
40;17;2;Nein, heute gibt es kein Unrecht. Weil Allah von nichts abhängig ist, gibt es für Ihn keinen Grund zu Parteilichkeit oder Unrecht.;Dauert es lange, bis über jede einzelne Seele abgerechnet ist?
40;17;3;Nein, Allah ist schnell im Abrechnen. So ist die Abrechnung vollkommen: gerechter Lohn für jede Seele, kein Unrecht und kein langes Warten.;Wenn diese Abrechnung so gewiss ist: Was soll der Prophet ﷺ tun?
40;18;1;Er soll sie vor dem Tag al-Āzifa, dem „Nahenden“, warnen. Der Name zeigt: Alles Künftige ist schon nah, und an diesem Tag steigen die Herzen vor Angst bis zur Kehle.;Finden die Ungerechten an diesem Tag jemanden, der ihnen beisteht?
40;18;2;Nein, sie haben weder einen treuen Freund noch einen Fürsprecher, der gehört wird. Ganz anders die Gläubigen, für die nach Vers 7–9 die Thronträger bitten.;Worauf beruht es, dass Allahs Urteil ganz ohne Unrecht sein kann?
40;19;1;Auf vollkommenem Wissen: Allah kennt selbst den flüchtigsten verräterischen Blick und alles, was die Herzen sorgfältig verbergen.;Wie fällt Allah mit diesem Wissen Sein Urteil?
40;20;1;Er entscheidet nach der Wahrheit. Hier schließt sich der Kreis zu Vers 12: Das Urteil steht allein Allah zu.;Können auch die, die man neben Allah anruft, über etwas entscheiden?
40;20;2;Nein, sie entscheiden über gar nichts. Die angebeteten Götzen haben weder Wissen noch Schöpfungskraft und können darum nicht richten.;Entgeht Allah etwas von dem, was ihre Anbeter reden und tun?
40;20;3;Nein, Er ist der Allhörende, der ihre Streitreden hört, und der Allsehende, der ihre Taten sieht. Das ist eine erneute Mahnung an die Widersacher.;Die Leugner sehen das Jenseits nicht: Gibt es einen Beweis, den sie schon heute sehen können?
40;21;1;Ja, die Spuren früherer Völker auf der Erde. Wer das Jenseits leugnet, kann diese sichtbaren Überreste nicht leugnen, darum sollen sie reisen und ihr Ende anschauen.;Wie mächtig waren diese früheren Völker im Vergleich zu ihnen?
40;21;2;Sie waren stärker und hinterließen mehr Spuren, doch Allah ergriff sie für ihre Sünden, und niemand schützte sie. Damit ist der Stolz der Leugner auf ihre Macht (Vers 4) widerlegt.;Worin lag ihre Schuld, für die Allah sie ergriff?
40;22;1;Darin, dass sie ungläubig blieben, obwohl ihre Gesandten mit klaren Beweisen kamen. Damit wird erneut das Grundübel der Sure hervorgehoben: das Verwerfen der Offenbarung.;Welche Eigenschaften Allahs zeigen sich darin, dass Er diese Völker ergriff?
40;22;2;Er ist stark und streng im Bestrafen. Diese Worte knüpfen wörtlich an Vers 3 an und bestätigen das dort genannte Prinzip an den früheren Völkern.;Gibt es ein konkretes Beispiel für einen Gesandten mit klaren Beweisen?
40;23;1;Ja, Mūsā (Friede sei auf ihm), gesandt mit Allahs Zeichen und einer deutlichen Vollmacht. Nach der allgemeinen Aussage folgt nun das prägnanteste Beispiel.;Zu wem wurde er gesandt, und wie reagierten sie?
40;24;1;Zu Firʿawn (politische Macht), Hāmān (Verwaltung und Planung) und Qārūn (Macht des Geldes). Trotz der klaren Vollmacht schmähten sie ihn nur: „Ein Zauberer, ein Lügner!“;Was taten sie, als ihre Schmähungen gegen die Wahrheit nichts ausrichteten?
40;25;1;Sie griffen zur Gewalt: Die Söhne der Gläubigen sollten getötet und ihre Frauen am Leben gelassen werden, um die Träger des Glaubens auszulöschen.;Wird dieser grausame Plan sein Ziel erreichen?
40;25;2;Nein, die List der Ungläubigen geht verloren. Jede List, die gegen die Wahrheit geschmiedet wird, verläuft sich im Nichts und führt in den Untergang.;Was plant Firʿawn als Nächstes, nachdem diese List gescheitert ist?
40;26;1;Er will Mūsā nun selbst töten. Sein „Lasst mich“ soll klingen, als hielten ihn seine Ratgeber zurück, dabei lag die Furcht in seinem eigenen Herzen.;Wie rechtfertigt Firʿawn diesen Mordplan vor seinem Volk?
40;26;2;Er stellt Mūsā als Unruhestifter dar, der ihre Religion ändern und Unheil im Land stiften wolle. So verdreht er die Tatsachen, um den Mord zu rechtfertigen.;Wie antwortet Mūsā auf diese Drohung?
40;27;1;Nicht mit einer Gegendrohung, sondern mit Gottvertrauen: Er nimmt Zuflucht bei seinem und ihrem Herrn vor jedem Hochmütigen, der den Tag der Abrechnung leugnet.;Wie beantwortet Allah Mūsās Zufluchtsuche?
40;28;1;Allah schickt Hilfe aus Firʿawns eigener Sippe: einen Mann, der seinen Glauben verheimlichte. Er fragt: Wollt ihr einen Mann töten, nur weil er „Mein Herr ist Allah“ sagt?;Und was wäre, falls Mūsā tatsächlich lügen sollte?
40;28;2;Dann schadet seine Lüge nur ihm selbst, und man muss dafür kein Blut vergießen. So argumentiert der Gläubige Schritt für Schritt mit der Vernunft.;Und was droht ihnen, wenn Mūsā die Wahrheit sagt?
40;28;3;Dann trifft sie etwas von dem, was er ihnen androht. Wer einen wahrhaftigen Gesandten tötet, riskiert also die eigene Vernichtung.;Mit welchem Grundsatz, der unverfänglich klingt, schließt er diesen Gedanken ab?
40;28;4;Allah leitet niemanden recht, der maßlos und verlogen ist. Für Firʿawn klingt das harmlos, doch gemeint ist er selbst als der Maßlose und Lügner.;Was sagt er ihnen noch, damit sie sich nicht auf ihre Macht verlassen?
40;29;1;Heute habt ihr die Herrschaft im Land, doch wer hilft uns, wenn Allahs Strafe kommt? Dann ist weltliche Macht bedeutungslos (vgl. Vers 16: „Wem gehört heute die Herrschaft?“).;Was kann Firʿawn dieser Logik entgegensetzen?
40;29;2;Kein Argument, nur ein Machtwort: Er zeige ihnen nur, was er selbst sehe, und führe sie auf den rechten Weg. Das Volk soll ihm blind folgen.;Lässt sich der Gläubige durch dieses Machtwort zum Schweigen bringen?
40;30;1;Nein, er lässt sich nicht beirren und warnt: Ich fürchte für euch einen Tag wie den Tag der Gruppierungen. Der Begriff knüpft wörtlich an Vers 5 an.;Wer waren diese Gruppierungen, an deren Schicksal er erinnert?
40;31;1;Das Volk Nūḥs, ʿĀd, Ṯamūd und die nach ihnen. Mit ihrem Schicksal zeigt er, dass die Botschaft der Propheten über die Jahrhunderte dieselbe geblieben ist.;War ihr Untergang eine willkürliche Härte Allahs?
40;31;2;Nein, Allah will kein Unrecht für Seine Diener. Ihr Untergang war die Folge ihrer eigenen Taten, ganz wie Vers 17 sagt: „Kein Unrecht gibt es heute.“;Droht ihnen nur ein Untergang im Diesseits?
40;32;1;Nein, er fürchtet für sie auch den Tag des gegenseitigen Rufens (Yawm at-Tanād), an dem die Menschen einander in Panik zurufen und die Engel die Sünder zur Abrechnung rufen.;Können sie an diesem Tag irgendwohin entkommen?
40;33;1;Nein, sie kehren den Rücken und fliehen, doch niemand schützt sie vor Allah. Wie schon in Vers 21 retten sie weder ihre Bauten noch ihre Herrschaft.;Kann sie dann noch jemand auf den rechten Weg bringen?
40;33;2;Nein, wen Allah irregehen lässt, den kann niemand rechtleiten. Wer die Rechtleitung aus Hochmut ausschlägt, den überlässt Allah ﷻ seinem verdienten Irrtum.;Gab es in der eigenen Geschichte Ägyptens schon ein Beispiel für diesen Irrweg?
40;34;1;Ja: Nach ʿĀd und Ṯamūd nennt der Gläubige ein Beispiel aus Ägyptens eigener Geschichte. Yūsuf (Friede sei auf ihm) kam schon früher mit klaren Beweisen zu euch, doch ihr bliebt im Zweifel.;Wie weit ging dieser Zweifel an Yūsufs Botschaft?
40;34;2;So weit, dass sie nach seinem Tod sagten, Allah werde nie wieder einen Gesandten schicken. Damit wollten sie sich nach al-Biqāʿī jeder moralischen Pflicht entledigen.;Wen lässt Allah auf diese Weise irregehen?
40;34;3;So lässt Allah den irregehen, der maßlos (Isrāf) und voller Zweifel (Irtiyāb) ist. Wer beides verbindet, verschließt nach al-Biqāʿī sein eigenes Herz vor der Rechtleitung.;Wer sind diese Maßlosen, die immer zweifeln?
40;35;1;Es sind die, die über Allahs Zeichen streiten, ohne jeden Beweis (bi-ġayri sulṭān). Das ist das Hauptthema der Sure aus Vers 4, und ihr Streit beruht nur auf Einbildung und Vorurteil.;Wie stehen Allah und die Gläubigen zu diesem Streit ohne Beweis?
40;35;2;Er erregt größten Abscheu (kabura maqtan), zuerst bei Allah ﷻ und auch bei den Gläubigen, deren gesunde Veranlagung von solcher Arroganz abgestoßen wird.;Welche Folge hat diese Haltung für das Herz der Streitenden?
40;35;3;Als gerechte Folge versiegelt Allah das Herz jedes Hochmütigen (Mutakabbir) und Gewalttätigen (Ǧabbār). Ihr Wahrnehmungsorgan für die Wahrheit wird unbrauchbar.;Wie zeigt sich dieses versiegelte Herz bei Firʿawn?
40;36;1;Firʿawn hat den Argumenten des Gläubigen nichts mehr entgegenzusetzen und lenkt ab: O Hāmān, bau mir einen hohen Turm (Ṣarḥ), vielleicht erreiche ich die Zugänge.;Welche Zugänge will Firʿawn mit diesem Turm erreichen?
40;37;1;Die Zugänge der Himmel, um zu Mūsās Gott emporzuschauen. Er tut so, als prüfe er Mūsās Worte, gibt aber sogleich selbst zu: „Ich halte ihn für einen Lügner.“;Warum sieht Firʿawn nicht, wie verkehrt sein eigenes Handeln ist?
40;37;2;Weil ihm sein böses Tun schön gemacht wurde: Allah lässt dem Hochmütigen seine schlechten Taten verlockend erscheinen, und so wurde Firʿawn vom rechten Weg abgehalten.;Was wird am Ende aus Firʿawns List mit dem Turm?
40;37;3;Sie endet in nichts als Verlust (tabāb). Firʿawns ganze Taktik und List (Kayd) ist nach al-Biqāʿī von Grund auf zum Scheitern und Verderben verurteilt.;Wie antwortet der Gläubige auf Firʿawns Anspruch, er führe das Volk den rechten Weg (Vers 29)?
40;38;1;Er dreht Firʿawns Satz um: Folgt mir, so leite ich euch auf den Weg des rechten Handelns (Sabīl ar-Rašād). Nicht der Tyrann mit seinem Turm weist diesen Weg, sondern die göttliche Botschaft.;Warum klammern sich Firʿawn und sein Volk so sehr an ihre Macht?
40;39;1;Weil sie das Diesseits für die Endstation halten. Doch der Gläubige sagt: Dieses Leben ist nur ein kurzer Genuss (Matāʿ), und das Jenseits ist die bleibende Wohnstätte (Dār al-Qarār).;Wie wird im Jenseits eine böse Tat vergolten?
40;40;1;Nur mit ihresgleichen, nicht mehr (illā miṯlahā). Das ist nach al-Biqāʿī die absolute Gerechtigkeit: Eine Missetat wird genau nach ihrem Ausmaß vergolten.;Und wie wird dagegen die gute Tat belohnt?
40;40;2;Wer gläubig ist und Gutes tut, ob Mann oder Frau, kommt ins Paradies und wird dort ohne Abrechnung versorgt. Das ist überfließende Barmherzigkeit, nicht an Rang, Reichtum oder Geschlecht gebunden.;Wie fasst der Gläubige am Ende seine ganze Rede zusammen?
40;41;1;Mit einem schmerzhaften Gegensatz: O mein Volk, ich rufe euch zur Rettung (an-Naǧāh), und ihr ruft mich zum Feuer! Er will ihre Rettung, sie wollen ihn ins Verderben ziehen.;Wozu genau rufen sie ihn, wenn er vom Feuer spricht?
40;42;1;Sie rufen ihn, Allah zu verleugnen und Ihm etwas beizugesellen, wovon er kein Wissen hat. So entlarvt er den Götzendienst als Behauptung ohne jedes Wissen.;Und wozu ruft er sie im Gegensatz dazu?
40;42;2;Er ruft sie zum Allmächtigen (al-ʿAzīz), der vor jeder Tyrannei schützt, und zum Allvergebenden (al-Ġaffār). Das knüpft an den Anfang der Sure an (Vers 2–3).;Welchen Wert hat das, wozu sie ihn rufen?
40;43;1;Ganz sicher keinen (lā ǧarama): Ihre Götzen haben weder im Diesseits noch im Jenseits irgendeinen Anspruch oder eine Wirksamkeit.;Wenn die Götzen nichts vermögen, zu wem führt dann am Ende die Rückkehr?
40;43;2;Die Rückkehr aller führt ausnahmslos zu Allah ﷻ. Die Götzen, zu denen sie ihn rufen, haben dort keinerlei Anspruch.;Welche Menschen erwartet bei dieser Rückkehr das Feuer?
40;43;3;Die Maßlosen sind die Gefährten des Feuers. Damit schließt der Gläubige seine Beweisführung ab, obwohl er die Bedrohung durch die Versammelten spürt.;Was kündigt er ihnen über seine Worte an, die sie jetzt ablehnen?
40;44;1;Ihr werdet euch noch an meine Worte erinnern (fa-sataḏkurūn). Er weiß, dass sich die Wahrheit erst zu spät in ihren Verstand brennen wird.;Was tut er selbst angesichts ihrer Bedrohung?
40;44;2;Er übergibt seine Angelegenheit ganz Allah (wa-ufawwiḍu amrī ilā-llāh). Das ist vollkommenes Gottvertrauen (Tafwīḍ): Er legt sein Schicksal restlos in Allahs Hand.;Warum kann er sich so ganz auf Allah verlassen?
40;44;3;Weil Allah die Diener wohl sieht (Baṣīrun bil-ʿibād). Der Schöpfer verliert Seine Diener niemals aus den Augen, auch nicht diesen bedrohten Gläubigen.;Wie antwortet Allah auf dieses Gottvertrauen?
40;45;1;Sofort, wie das „Fa“ zeigt: Allah bewahrt ihn vor den Übeln ihrer Ränke und zerschlägt die Mordpläne des Hofstaates. Der Gläubige bleibt unversehrt.;Und was trifft stattdessen Firʿawn und seine Leute?
40;45;2;Das Verderben wendet sich ganz gegen sie: Die schlimme Strafe umschließt die Sippe Firʿawns, die den Gläubigen mit ihren Ränken treffen wollte.;Wie sieht diese Strafe schon vor dem Jüngsten Tag aus?
40;46;1;Schon in der Zwischenwelt (Barzaḫ) werden sie morgens und abends dem Feuer vorgeführt. Nach al-Biqāʿī ist dies eines der stärksten Zeugnisse des Korans für die Strafe im Grab.;Und was geschieht mit ihnen, wenn die Stunde kommt?
40;46;2;Dann heißt es: Lasst die Sippe Firʿawns in die strengste Strafe eingehen. Auf die Zwischenwelt folgt so die ultimative, ewige Pein (ašadd al-ʿaḏāb).;Hört ihr Streiten selbst in der Hölle auf?
40;47;1;Nein, sie streiten sogar im Feuer weiter, so endet das Streiten aus Vers 4. Die schwachen Mitläufer sagen zu den Hochmütigen: Wir waren eure Gefolgsleute.;Was verlangen die Mitläufer nun von ihren einstigen Anführern?
40;47;2;Sie fragen: Könnt ihr uns nun einen Teil des Feuers abnehmen? Die weltliche Rangordnung zerbricht, und die Mitläufer verlangen vergeblich Entlastung.;Was antworten die Hochmütigen darauf?
40;48;1;Wir sind alle darin. Die einstigen Mächtigen, die sich auf Erden wie Firʿawn in Vers 29 für unantastbar hielten, bekennen ihre völlige Machtlosigkeit.;Warum kann nun keiner dem anderen etwas von der Strafe abnehmen?
40;48;2;Weil Allah bereits zwischen den Dienern gerichtet hat. Sie verweisen selbst auf Sein unanfechtbares Urteil, was das Prinzip des absoluten Richtens aus Vers 12 und 20 bestätigt.;An wen wenden sie sich, als auch untereinander keine Hilfe kommt?
40;49;1;An die Wächter der Hölle: Ruft euren Herrn an, dass Er uns einen Tag die Strafe erleichtert. In Vers 11 wollten sie noch ganz hinaus, jetzt bitten sie nur um einen einzigen Tag.;Was antworten die Wächter auf diese Bitte?
40;50;1;Die Wächter antworten nicht mit Mitleid, sondern mit einer Gegenfrage: Kamen nicht eure Gesandten mit klaren Beweisen zu euch? So stellen sie die eigene Schuld der Verdammten fest.;Können die Verdammten leugnen, dass die Gesandten mit klaren Beweisen zu ihnen kamen?
40;50;2;Nein, sie können nichts leugnen und sagen: „Doch!“ Mit diesem Eingeständnis, dass die Warnung da war, nehmen sie sich selbst jeden Anspruch auf Gnade.;Was sagen die Wächter nach diesem Eingeständnis zu der Bitte der Verdammten?
40;50;3;Die Wächter sagen: „So ruft doch selbst!“ Das ist keine Einladung, sondern macht nur deutlich, dass es für die Verdammten keinen Ausweg mehr gibt.;Hat das Rufen der Verdammten in der Hölle denn irgendeine Wirkung?
40;50;4;Nein, das Rufen der Ungläubigen geht ins Leere, wie ihre List in Vers 25. Wer im Diesseits mit List gegen die Zeichen kämpfte, dessen Bitten verhallen im Jenseits wirkungslos.;Wenn die Feinde der Gesandten ohne Beistand bleiben, wie steht es dann um die Gesandten selbst?
40;51;1;Allah steht Seinen Gesandten und den Gläubigen bei, im Diesseits und an dem Tag, an dem die Zeugen aufstehen. Dieser Beistand ist nach al-Biqāʿī ein unumstößliches Gesetz.;Können sich die Ungerechten an diesem Tag noch mit einer Entschuldigung retten?
40;52;1;Nein, an jenem Tag nützt den Ungerechten ihre Entschuldigung nichts. Für die Unterdrücker gibt es dann keine wirksame Entschuldigung mehr, ganz anders als für die Gesandten.;Was erwartet die Ungerechten an jenem Tag statt der Barmherzigkeit?
40;52;2;Statt Barmherzigkeit trifft sie der Fluch, also die Verbannung aus Allahs Gnade, und ihnen gehört die böse Wohnstätte, die Wohnstätte der Erniedrigung.;Gibt es ein Beispiel aus der Geschichte, dass Allah Seinem Gesandten wirklich beisteht?
40;53;1;Ja, Mūsā: Allah rettete ihn trotz Pharaos Heeren und gab ihm die Rechtleitung, und die einst unterdrückten Kinder Isrāʾīls ließ Er die Schrift erben. So wird die Zusage aus Vers 51 greifbar.;Wozu diente diese Schrift, die die Kinder Isrāʾīls erbten?
40;54;1;Die Schrift war kein leeres Dokument, sondern Rechtleitung und Mahnung für die, die Verstand besitzen und aus den Gesetzen der Geschichte lernen.;Wenn Allahs Beistand so sicher ist: Was soll der Prophet ﷺ gegenüber den Leugnern in Mekka tun?
40;55;1;Du (der Prophet ﷺ) sollst geduldig sein, denn wie Mūsās Sieg zeigt, ist Allahs Versprechen wahr. Bitte um Vergebung und preise deinen Herrn abends und morgens, wie die Thronträger in Vers 7.;Warum streiten die Leugner eigentlich ohne jeden Beweis über Allahs Zeichen?
40;56;1;Nicht aus Suche nach Wahrheit, sondern weil in ihren Brüsten nur Hochmut ist, eine Größe, die sie nie erreichen. Damit kehrt die Sure zu ihrem Hauptthema aus Vers 4 und 35 zurück.;Wie soll sich der Prophet ﷺ vor dem Hochmut und den Intrigen dieser Streitenden schützen?
40;56;2;Der Befehl an dich (den Propheten ﷺ) lautet: Nimm Zuflucht bei Allah, so wie Mūsā es in Vers 27 tat. Denn ihr Neid und Hochmut treibt sie zu Intrigen.;Warum ist gerade Allah die sichere Zuflucht vor diesen Streitenden?
40;56;3;Weil Er der Allhörende ist, der ihr Reden hört, und der Allsehende, der ihre Machenschaften sieht.;Wie wird dieser Hochmut der Streitenden zerschlagen?
40;57;1;Durch den Blick auf den Kosmos: Die Erschaffung der Himmel und der Erde ist größer als die Erschaffung der Menschen. Doch die meisten überschätzen sich, weil ihnen wahres Wissen fehlt.;Sind der, der diese Größe erkennt, und der, der sie nicht erkennt, gleich?
40;58;1;Nein, der Blinde und der Sehende sind nicht gleich, ebenso wenig der Gläubige, der Gutes tut, und der hochmütige Übeltäter, weder im Wert noch im Ausgang.;Wie viele Menschen denken über diese offensichtlichen Wahrheiten wirklich nach?
40;58;2;Nur wenige: „Wie wenig ihr bedenkt!“ Mit diesem Weckruf schließt die Seite, denn kaum jemand denkt über diese offensichtlichen Wahrheiten tiefgründig nach.;Was folgt für die Auferstehung daraus, dass Allah das Größere, Himmel und Erde, erschaffen hat?
40;59;1;Wer das Größere erschuf, kann die Menschen auch wiedererwecken: Die Stunde kommt ganz sicher. Doch die meisten Menschen glauben nicht, weil sie blind sind wie in Vers 58.;Welchen Weg zur Rettung eröffnet Allah, wenn die Stunde so sicher kommt?
40;60;1;Das Bittgebet: Euer Herr sagt „Ruft Mich an, so erhöre Ich euch“. Ohne Beistand wäre der Mensch der Stunde schutzlos ausgeliefert, darum öffnet Allah diesen Weg.;Und was geschieht mit dem, der Ihn nicht anrufen will?
40;60;2;Wer sich aus Hochmut weigert, Ihm zu dienen, also Ihn zu bitten, geht erniedrigt in die Hölle ein. So wird der Hochmut aus Vers 56 bestraft, denn das Bittgebet ist das Mark des Gottesdienstes.;Warum sollen wir gerade Ihn und keinen anderen anrufen?
40;61;1;Weil Er für uns sorgt: Allah hat die Nacht gemacht, damit wir in ihr ruhen, und den Tag hell, als Raum für Tätigkeit und Lebensunterhalt.;Danken die Menschen Allah für diese tägliche Ordnung von Nacht und Tag?
40;61;2;Die meisten nicht: Allah ist voll Huld gegen die Menschen, und Seine Huld ist überall. Doch die meisten Menschen verweigern Ihm den gebotenen Dank.;Wer ist der, der euch so voller Huld Ruhe in der Nacht und Licht am Tag schenkt?
40;62;1;Das ist Allah, euer Herr, der Schöpfer von allem. Wer Nacht, Tag und Himmel erschuf, ist Schöpfer aller Dinge, und daraus folgt: Es gibt keinen Gott außer Ihm.;Was sagt Allah zu denen, die sich trotz dieser Beweise Götzen zuwenden?
40;62;2;Er fragt tadelnd: „Wie lasst ihr euch also abwenden?“ Es ist widersinnig, auf solche Gnadenbeweise mit Götzenkult zu antworten.;Ist diese Abwendung von Allah etwas Neues?
40;63;1;Nein, genauso ließen sich schon früher die abwenden, die Allahs Zeichen wissentlich leugneten, wie in Vers 5 und 21. Die Verblendung der Mekkaner ist keine Ausnahme.;Welche Gaben zeigt Allah noch, nachdem Er Nacht und Tag genannt hat?
40;64;1;Nach Zeit und Licht nun Raum und Mensch: die Erde als fester Grund, der Himmel als Bau, eure schöne Gestalt und die guten Dinge als Versorgung.;Wer steht hinter dieser ganzen Ordnung von Erde, Himmel, Gestalt und Versorgung?
40;64;2;Das ist doch Allah, euer Herr, wie schon in Vers 62. Er, der euch Erde, Himmel, schöne Gestalt und gute Versorgung gab, ist euer Herr.;Womit schließt Vers 64 angesichts dieser lückenlosen Gnadenordnung?
40;64;3;Mit dem erhabenen Lobpreis: Segensreich ist Allah, der Herr der Welten, überreich an Segen und Majestät ist der Erhalter aller Welten.;Was folgt aus all diesen Gaben für die Menschen?
40;65;1;Er ist der Lebendige, es gibt keinen Gott außer Ihm, also ruft Ihn aufrichtig an, wörtlich wie in Vers 14. Damit rundet sich das Gebot „Ruft Mich an“ aus Vers 60 ab.;Mit welchen Worten schließt dieser Aufruf, Ihn aufrichtig anzurufen?
40;65;2;Mit dem Lob: Alles Lob gebührt Allah, dem Herrn der Welten. Er allein ist der Lebendige, während alle Götzen leblos oder sterblich sind.;Was soll der Prophet ﷺ den Götzendienern deshalb klar sagen?
40;66;1;Er soll die klare Trennlinie ziehen: Nach den klaren Beweisen ist ihm verboten, dem zu dienen, was sie neben Allah anrufen, und befohlen, sich dem Herrn der Welten zu ergeben.;Welchen Beweis für Allah gibt es direkt im Menschen selbst?
40;67;1;Seinen eigenen Werdegang: Nach den Zeichen im Kosmos führt Allah den Menschen zu seinem Ursprung zurück. Aus Erde, Samentropfen und Anhängsel wird er ein Kind, erreicht seine Vollkraft und wird ein Greis.;Erreicht jeder Mensch diese Stufen bis ins hohe Alter?
40;67;2;Nein, manche von euch werden schon vorher abberufen. Niemand kann diesen Ablauf steuern oder aufhalten.;Wozu lässt Allah den Menschen durch all diese Stufen gehen?
40;67;3;Damit jeder die festgesetzte Frist erreicht, die ihm bestimmt ist, und damit ihr begreift. Diese Frist zeigt, dass der Mensch vollkommen in der Hand seines Schöpfers liegt.;Wer bestimmt allein über dieses Leben und Sterben?
40;68;1;Er allein macht lebendig und lässt sterben. Nach al-Biqāʿī ist diese ausschließliche Macht über Leben und Tod die logische Krönung der beschriebenen Entwicklung.;Braucht Er für so gewaltige Vorgänge Mühe oder Werkzeuge?
40;68;2;Nein, Er braucht weder Mühe noch Werkzeuge: Wenn Er etwas beschließt, sagt Er nur „Sei!“, und es ist. Ein einziger Befehl genügt.;Wie kann jemand nach so klaren Beweisen im Kosmos und im eigenen Körper noch streiten?
40;69;1;Das ist erstaunlich: Siehst du nicht die, die über Allahs Zeichen streiten, wie sie sich abwenden lassen? Damit kehrt das Hauptthema der Sure aus Vers 4, 35 und 56 zurück.;Wer sind diese Streitenden genau?
40;70;1;Es sind die, die das Buch und die Botschaft aller Gesandten der Lüge bezichtigen. Ihr Streit richtet sich gegen das Fundament: das Buch und die ganze Kette der Propheten.;Was droht Allah ihnen für diese Leugnung an?
40;70;2;Sie werden es noch erfahren. Diese Drohung („fa-sawfa yaʿlamūn“) kündigt die schreckliche Wirklichkeit an, die sie jenseits des Schleiers erwartet.;Was genau werden sie erfahren?
40;71;1;Sie erfahren es, wenn Fesseln um ihre Hälse gelegt sind und sie an Ketten gezerrt werden. Der Hals, der sich nicht vor Allah beugen wollte (Vers 60), wird nun gefesselt.;Wohin werden sie an diesen Ketten gezerrt?
40;72;1;Erst ins siedende Wasser, dann werden sie im Feuer angezündet. Wie Vieh werden sie geschleift und dienen dem Höllenfeuer als Brennstoff.;Was kommt zu dieser körperlichen Strafe noch hinzu?
40;73;1;Hierauf die beschämende Frage: Wo ist das, was ihr beizugesellen pflegtet … Zur körperlichen Qual tritt nun die seelische Demütigung.;Anstelle von wem dienten sie diesen Götzen?
40;74;1;… anstatt Allahs? Die tadelnde Frage deckt auf, wie völlig nichtig alles ist, was sie neben Allah angebetet haben.;Was antworten sie auf diese tadelnde Frage?
40;74;2;Sie sagen: Sie sind uns entschwunden, ja, eigentlich riefen wir früher gar nichts an. Ihre Götzen sind spurlos verschwunden.;Was zeigt dieses Bekenntnis über den Weg der Ungläubigen?
40;74;3;So lässt Allah die Ungläubigen irregehen. Sie müssen bekennen, dass ihre ganze irdische Anbetung ein Dienst an reinen Nichtigkeiten war.;Was war die Ursache für dieses Ende?
40;75;1;Weil ihr auf der Erde zu Unrecht frohlocktet und übermütig wart. Al-Biqāʿī nennt beides: frevelhafte Freude am Falschen und grenzenlosen Übermut ohne Ehrfurcht vor dem Jenseits.;Welche Folge haben diese falsche Freude und dieser Übermut?
40;76;1;Als gerechte Folge öffnen sich für sie die Tore der Hölle: Tretet ein, um ewig darin zu bleiben.;Wie beschreibt Allah diese Bleibe und ihre Bewohner?
40;76;2;Wie schlimm ist die Bleibe der Hochmütigen! Die Sure nennt wieder den Hochmut als Grundübel, wie in Vers 27, 35, 56 und 60.;Was soll der Prophet ﷺ tun, solange die Leugner noch nicht bestraft sind?
40;77;1;Er soll standhaft sein, denn Allahs Versprechen ist wahr. Nach den Höllenszenen wendet sich Allah wieder Seinem Gesandten ﷺ zu, wörtlich wie in Vers 55.;Muss der Prophet ﷺ die Strafe der Leugner noch selbst erleben?
40;77;2;Nicht unbedingt: Ob Allah dich (den Propheten ﷺ) einen Teil ihrer Strafe noch sehen lässt oder vorher abberuft, ändert nichts. Zu Ihm werden sie alle zurückgebracht.;Ging es früheren Gesandten genauso?
40;78;1;Ja, Allah sandte schon vor dir (dem Propheten ﷺ) viele Gesandte. Von manchen hat Er dir berichtet, von anderen nicht.;Konnten diese Gesandten Wunder bringen, wann immer man es von ihnen verlangte?
40;78;2;Nein, kein Gesandter konnte ein Zeichen bringen außer mit Allahs Erlaubnis. So antwortet Allah den Leugnern, die Wunder forderten: Der Gesandte überbringt die Zeichen, er bewirkt sie nicht.;Was geschieht, wenn die Zeit der Entscheidung schließlich gekommen ist?
40;78;3;Wenn Allahs Befehl kommt, wird mit der Wahrheit entschieden (wie in Vers 20), und dort verlieren die Verfechter des Falschen. Ihr Streit endet im Ruin.;Die Leugner fordern Wunder, aber sehen sie nicht die Zeichen, die sie jeden Tag haben?
40;79;1;Allah lenkt ihren Blick auf das Vieh: Er hat es euch gemacht, damit ihr auf einem Teil davon reitet und von einem Teil esst. Davon hängt euer Leben täglich ab.;Welchen Nutzen haben die Menschen noch von diesem Vieh?
40;80;1;Vielerlei Nutzen: Auf ihnen erreicht ihr die Ziele, die ihr euch vornehmt, und auf ihnen und auf Schiffen werdet ihr getragen. So verbindet Allah Land und Meer.;Was folgt aus all diesen Zeichen, die sie täglich umgeben?
40;81;1;Er zeigt euch ständig Seine Zeichen, welche davon wollt ihr denn leugnen? Diese Frage entlarvt ihren Streit als Verleugnung ohne jede sachliche Grundlage.;Und wenn sie trotzdem leugnen: Was lehrt sie die Geschichte?
40;82;1;Sie sollen auf der Erde umherreisen und das Ende der Völker vor ihnen betrachten. Fast wortgleich greift das Vers 21 wieder auf.;Waren diese früheren Völker etwa schwächer als die heutigen Leugner?
40;82;2;Nein, sie waren zahlreicher, stärker und hinterließen mehr Spuren auf der Erde. Doch nichts, was sie anhäuften, schützte sie vor Allahs Urteil.;Warum lehnten diese Völker ihre Gesandten dennoch ab?
40;83;1;Weil sie sich über ihr eigenes weltliches Wissen freuten und meinten, die Offenbarung nicht zu brauchen. Doch genau das, worüber sie spotteten, umschloss sie am Ende.;Was sagten sie, als Allahs Strenge dann vor ihren Augen stand?
40;84;1;Plötzlich sagten sie: Wir glauben an Allah allein und verleugnen, was wir Ihm beigesellt haben. Das ist genau das Gegenteil von dem, was sie früher taten (Vers 12).;Hat ihnen dieser späte Glaube noch genützt?
40;85;1;Nein, ihr Glaube nützte ihnen nichts mehr, als sie Allahs Strenge schon sahen. Glaube hat nur Wert, solange er auf freier Entscheidung und dem Anerkennen des Verborgenen beruht.;Warum machte Allah bei ihnen keine Ausnahme?
40;85;2;Das ist Allahs feste Gesetzmäßigkeit (Sunnatallāh), die schon an Seinen Dienern vollzogen wurde: Bricht die Strafe herein, ist eine Umkehr nicht mehr gültig.;Wie endet es für die Ungläubigen in diesem Moment?
40;85;3;Dort sind die Ungläubigen verloren, wie am Schluss von Vers 78. Die Sure begann mit dem „Vergeber der Sünde, Annehmer der Reue“ (Vers 3) und endet mit einer Umkehr, die zu spät kommt.;
